order_id,invoice_id,branch_id,customer_id,product_id,order_date,order_time,payment,unit_price,quantity,tax,sales_amount,cogs,rating
1,750-67-8428,1,1,1,2019-01-05,13:08:00,Ewallet,74.69,7,26.1415,548.9715,522.83,9.1
2,226-31-3081,2,2,2,2019-03-08,10:29:00,Cash,15.28,5,3.82,80.22,76.4,9.6
3,631-41-3108,1,2,3,2019-03-03,13:23:00,Credit card,46.33,7,16.2155,340.5255,324.31,7.4
4,123-19-1176,1,1,1,2019-01-27,20:33:00,Ewallet,58.22,8,23.288,489.048,465.76,8.4
5,373-73-7910,1,1,4,2019-02-08,10:37:00,Ewallet,86.31,7,30.2085,634.3785,604.17,5.3
6,699-14-3026,2,1,2,2019-03-25,18:30:00,Ewallet,85.39,7,29.8865,627.6165,597.73,4.1
7,355-53-5943,1,1,2,2019-02-25,14:36:00,Ewallet,68.84,6,20.652,433.692,413.04,5.8
8,315-22-5665,2,1,3,2019-02-24,11:38:00,Ewallet,73.56,10,36.78,772.38,735.6,8.0
9,665-32-9167,1,1,1,2019-01-10,17:15:00,Credit card,36.26,2,3.626,76.146,72.52,7.2
10,692-92-5582,3,1,5,2019-02-20,13:27:00,Credit card,54.84,3,8.226,172.746,164.52,5.9
11,351-62-0822,3,1,6,2019-02-06,18:07:00,Ewallet,14.48,4,2.896,60.816,57.92,4.5
12,529-56-3974,3,1,2,2019-03-09,17:03:00,Cash,25.51,4,5.102,107.142,102.04,6.8
13,365-64-0515,1,1,2,2019-02-12,10:25:00,Ewallet,46.95,5,11.7375,246.4875,234.75,7.1
14,252-56-2699,1,1,5,2019-02-07,16:48:00,Ewallet,43.19,10,21.595,453.495,431.9,8.2
15,829-34-3910,1,1,1,2019-03-29,19:21:00,Cash,71.38,10,35.69,749.49,713.8,5.7
16,299-46-1805,3,1,4,2019-01-15,16:19:00,Cash,93.72,6,28.116,590.436,562.32,4.5
17,656-95-9349,1,1,1,2019-03-11,11:03:00,Credit card,68.93,7,24.1255,506.6355,482.51,4.6
18,765-26-6951,1,1,4,2019-01-01,10:39:00,Credit card,72.61,6,21.783,457.443,435.66,6.9
19,329-62-1586,1,1,5,2019-01-21,18:00:00,Credit card,54.67,3,8.2005,172.2105,164.01,8.6
20,319-50-3348,3,1,3,2019-03-11,15:30:00,Ewallet,40.3,2,4.03,84.63,80.6,4.4
21,300-71-4605,2,1,2,2019-02-25,11:24:00,Ewallet,86.04,5,21.51,451.71,430.2,4.8
22,371-85-5789,3,1,1,2019-03-05,10:40:00,Ewallet,87.98,3,13.197,277.137,263.94,5.1
23,273-16-6619,3,1,3,2019-03-15,12:20:00,Credit card,33.2,2,3.32,69.72,66.4,4.4
24,636-48-8204,1,1,2,2019-02-17,11:15:00,Ewallet,34.56,5,8.64,181.44,172.8,9.9
25,549-59-1358,1,1,4,2019-03-02,17:36:00,Ewallet,88.63,3,13.2945,279.1845,265.89,6.0
26,227-03-5010,1,1,3,2019-03-22,19:20:00,Credit card,52.59,8,21.036,441.756,420.72,8.5
27,649-29-6775,3,1,6,2019-02-08,15:31:00,Cash,33.52,1,1.676,35.196,33.52,6.7
28,189-17-4241,1,1,6,2019-03-10,12:17:00,Credit card,87.67,2,8.767,184.107,175.34,7.7
29,145-94-9061,3,1,5,2019-01-25,19:48:00,Cash,88.36,5,22.09,463.89,441.8,9.6
30,848-62-7243,1,1,1,2019-03-15,15:36:00,Cash,24.89,9,11.2005,235.2105,224.01,7.4
31,871-79-8483,3,1,6,2019-02-25,19:39:00,Credit card,94.13,5,23.5325,494.1825,470.65,4.8
32,149-71-6266,3,1,4,2019-01-28,12:43:00,Cash,78.07,9,35.1315,737.7615,702.63,4.5
33,640-49-2076,3,1,4,2019-01-10,14:49:00,Cash,83.78,8,33.512,703.752,670.24,5.1
34,595-11-5460,1,1,1,2019-03-15,10:12:00,Credit card,96.58,2,9.658,202.818,193.16,5.1
35,183-56-6882,2,1,5,2019-02-06,10:42:00,Ewallet,99.42,4,19.884,417.564,397.68,7.5
36,232-16-2483,2,1,4,2019-01-07,12:28:00,Ewallet,68.12,1,3.406,71.526,68.12,6.8
37,129-29-8530,1,1,4,2019-03-10,19:15:00,Ewallet,62.62,5,15.655,328.755,313.1,7.0
38,272-65-1806,1,1,2,2019-01-15,17:17:00,Ewallet,60.88,9,27.396,575.316,547.92,4.7
39,333-73-7901,2,1,1,2019-03-23,13:24:00,Ewallet,54.92,8,21.968,461.328,439.36,7.6
40,777-82-7220,3,1,3,2019-03-03,13:01:00,Cash,30.12,8,12.048,253.008,240.96,7.7
41,280-35-5823,3,1,3,2019-01-17,18:45:00,Ewallet,86.72,1,4.336,91.056,86.72,7.9
42,554-53-8700,2,1,3,2019-02-02,10:11:00,Cash,56.11,2,5.611,117.831,112.22,6.3
43,354-25-5821,3,1,4,2019-02-08,13:03:00,Cash,69.12,6,20.736,435.456,414.72,5.6
44,228-96-1411,2,1,5,2019-03-04,20:39:00,Cash,98.7,8,39.48,829.08,789.6,7.6
45,617-15-4209,2,1,1,2019-03-16,19:47:00,Cash,15.37,2,1.537,32.277,30.74,7.2
46,132-32-9879,3,1,2,2019-03-09,18:00:00,Cash,93.96,4,18.792,394.632,375.84,9.5
47,370-41-7321,3,1,1,2019-02-27,17:24:00,Credit card,56.69,9,25.5105,535.7205,510.21,8.4
48,727-46-3608,3,1,5,2019-02-06,15:47:00,Ewallet,20.01,9,9.0045,189.0945,180.09,4.1
49,669-54-1719,3,1,2,2019-02-10,12:45:00,Credit card,18.93,6,5.679,119.259,113.58,8.1
50,574-22-5561,2,1,6,2019-03-19,17:08:00,Ewallet,82.63,10,41.315,867.615,826.3,7.9
51,326-78-5178,2,1,5,2019-02-03,10:19:00,Cash,91.4,7,31.99,671.79,639.8,9.5
52,162-48-8011,1,1,5,2019-02-10,15:10:00,Cash,44.59,5,11.1475,234.0975,222.95,8.5
53,616-24-2851,3,1,6,2019-03-22,14:42:00,Ewallet,17.87,4,3.574,75.054,71.48,6.5
54,778-71-5554,2,1,6,2019-01-25,15:46:00,Credit card,15.43,1,0.7715,16.2015,15.43,6.1
55,242-55-6721,3,1,3,2019-03-07,11:49:00,Ewallet,16.16,2,1.616,33.936,32.32,6.5
56,399-46-5918,2,1,2,2019-02-28,19:01:00,Cash,85.98,8,34.392,722.232,687.84,8.2
57,106-35-6779,1,1,3,2019-03-27,11:26:00,Cash,44.34,2,4.434,93.114,88.68,5.8
58,635-40-6220,1,1,1,2019-02-07,11:28:00,Ewallet,89.6,8,35.84,752.64,716.8,6.6
59,817-48-8732,1,1,3,2019-01-20,15:55:00,Cash,72.35,10,36.175,759.675,723.5,5.4
60,120-06-4233,2,1,2,2019-03-12,20:36:00,Cash,30.61,6,9.183,192.843,183.66,9.3
61,285-68-5083,2,1,4,2019-02-15,17:47:00,Credit card,24.74,3,3.711,77.931,74.22,10.0
62,803-83-5989,2,1,3,2019-02-24,10:55:00,Ewallet,55.73,6,16.719,351.099,334.38,7.0
63,347-34-2234,3,1,4,2019-02-03,13:40:00,Ewallet,55.07,9,24.7815,520.4115,495.63,10.0
64,199-75-8169,1,1,4,2019-03-06,12:27:00,Credit card,15.81,10,7.905,166.005,158.1,8.6
65,853-23-2453,3,1,1,2019-02-14,14:35:00,Cash,75.74,4,15.148,318.108,302.96,7.6
66,877-22-3308,1,1,1,2019-03-13,16:40:00,Cash,15.87,10,7.935,166.635,158.7,5.8
67,838-78-4295,2,1,1,2019-02-10,15:43:00,Ewallet,33.47,2,3.347,70.287,66.94,6.7
68,109-28-2512,3,1,6,2019-01-07,15:01:00,Ewallet,97.61,6,29.283,614.943,585.66,9.9
69,232-11-3025,1,1,4,2019-01-24,10:04:00,Cash,78.77,10,39.385,827.085,787.7,6.4
70,382-03-4532,1,1,1,2019-02-02,18:50:00,Cash,18.33,1,0.9165,19.2465,18.33,4.3
71,393-65-2792,2,1,5,2019-01-06,12:46:00,Credit card,89.48,10,44.74,939.54,894.8,9.6
72,796-12-2025,2,1,6,2019-02-11,16:19:00,Cash,62.12,10,31.06,652.26,621.2,5.9
73,510-95-6347,3,1,5,2019-03-05,18:17:00,Ewallet,48.52,3,7.278,152.838,145.56,4.0
74,841-35-6630,2,1,2,2019-03-09,18:21:00,Cash,75.91,6,22.773,478.233,455.46,8.7
75,287-21-9091,1,1,3,2019-01-22,10:55:00,Ewallet,74.67,9,33.6015,705.6315,672.03,9.4
76,732-94-0499,2,1,2,2019-01-13,17:04:00,Credit card,41.65,10,20.825,437.325,416.5,5.4
77,263-10-3913,2,1,6,2019-01-09,14:20:00,Credit card,49.04,9,22.068,463.428,441.36,8.6
78,381-20-0914,1,1,6,2019-01-12,15:48:00,Credit card,20.01,9,9.0045,189.0945,180.09,5.7
79,829-49-1914,2,1,5,2019-03-05,16:24:00,Ewallet,78.31,10,39.155,822.255,783.1,6.6
80,756-01-7507,2,1,1,2019-01-22,18:56:00,Cash,20.38,5,5.095,106.995,101.9,6.0
81,870-72-4431,2,1,1,2019-01-21,14:42:00,Credit card,99.19,6,29.757,624.897,595.14,5.5
82,847-38-7188,3,1,5,2019-01-26,19:56:00,Ewallet,96.68,3,14.502,304.542,290.04,6.4
83,480-63-2856,2,1,5,2019-01-23,18:37:00,Ewallet,19.25,8,7.7,161.7,154.0,6.6
84,787-56-0757,2,1,5,2019-02-23,18:45:00,Credit card,80.36,4,16.072,337.512,321.44,8.3
85,360-39-5055,2,1,4,2019-03-09,10:17:00,Cash,48.91,5,12.2275,256.7775,244.55,6.6
86,730-50-9884,2,1,4,2019-03-05,14:31:00,Ewallet,83.06,7,29.071,610.491,581.42,4.0
87,362-58-8315,2,1,6,2019-03-25,10:23:00,Cash,76.52,5,19.13,401.73,382.6,9.9
88,633-44-8566,1,1,5,2019-03-27,20:35:00,Credit card,49.38,7,17.283,362.943,345.66,7.3
89,504-35-8843,1,1,4,2019-01-02,16:57:00,Cash,42.47,1,2.1235,44.5935,42.47,5.7
90,318-68-5053,3,1,1,2019-02-27,17:55:00,Cash,76.99,6,23.097,485.037,461.94,6.1
91,565-80-5980,2,1,3,2019-01-23,10:25:00,Cash,47.38,4,9.476,198.996,189.52,7.1
92,225-32-0908,2,1,4,2019-01-26,19:54:00,Ewallet,44.86,10,22.43,471.03,448.6,8.2
93,873-51-0671,1,1,4,2019-01-10,16:42:00,Ewallet,21.98,7,7.693,161.553,153.86,5.1
94,152-08-9985,3,1,1,2019-03-12,12:09:00,Credit card,64.36,9,28.962,608.202,579.24,8.6
95,512-91-0811,2,1,1,2019-02-06,20:05:00,Credit card,89.75,1,4.4875,94.2375,89.75,6.6
96,594-34-4444,1,1,2,2019-03-08,20:38:00,Ewallet,97.16,1,4.858,102.018,97.16,7.2
97,766-85-7061,3,1,1,2019-03-29,10:25:00,Ewallet,87.87,10,43.935,922.635,878.7,5.1
98,871-39-9221,2,1,2,2019-02-09,13:11:00,Cash,12.45,6,3.735,78.435,74.7,4.1
99,865-92-6136,1,1,5,2019-03-23,10:16:00,Ewallet,52.75,3,7.9125,166.1625,158.25,9.3
100,733-01-9107,3,1,3,2019-03-05,18:14:00,Cash,82.7,6,24.81,521.01,496.2,7.4
101,163-56-7055,2,1,6,2019-03-26,19:20:00,Cash,48.71,1,2.4355,51.1455,48.71,4.1
102,189-98-2939,2,1,6,2019-03-01,13:22:00,Cash,78.55,9,35.3475,742.2975,706.95,7.2
103,551-21-3069,2,1,2,2019-02-01,11:27:00,Cash,23.07,9,10.3815,218.0115,207.63,4.9
104,212-62-1842,1,1,5,2019-03-28,16:44:00,Cash,58.26,6,17.478,367.038,349.56,9.9
105,716-39-1409,3,1,1,2019-03-19,18:19:00,Cash,30.35,7,10.6225,223.0725,212.45,8.0
106,704-48-3927,1,1,2,2019-01-12,14:50:00,Ewallet,88.67,10,44.335,931.035,886.7,7.3
107,628-34-3388,2,1,6,2019-01-05,20:54:00,Credit card,27.38,6,8.214,172.494,164.28,7.9
108,630-74-5166,1,1,4,2019-03-22,20:19:00,Cash,62.13,6,18.639,391.419,372.78,7.4
109,588-01-7461,2,1,5,2019-03-24,10:43:00,Cash,33.98,9,15.291,321.111,305.82,4.2
110,861-77-0145,2,1,2,2019-03-03,14:30:00,Cash,81.97,10,40.985,860.685,819.7,9.2
111,479-26-8945,3,1,4,2019-02-05,11:32:00,Ewallet,16.49,2,1.649,34.629,32.98,4.6
112,210-67-5886,2,1,1,2019-02-05,10:41:00,Credit card,98.21,3,14.7315,309.3615,294.63,7.8
113,227-78-1148,3,1,6,2019-02-15,12:44:00,Cash,72.84,7,25.494,535.374,509.88,8.4
114,645-44-1170,1,1,3,2019-01-19,20:07:00,Ewallet,58.07,9,26.1315,548.7615,522.63,4.3
115,237-01-6122,2,1,3,2019-02-01,20:31:00,Credit card,80.79,9,36.3555,763.4655,727.11,9.5
116,225-98-1496,2,1,6,2019-03-02,13:01:00,Credit card,27.02,3,4.053,85.113,81.06,7.1
117,291-32-1427,3,1,6,2019-03-05,12:29:00,Ewallet,21.94,5,5.485,115.185,109.7,5.3
118,659-65-8956,3,1,6,2019-01-16,15:26:00,Ewallet,51.36,1,2.568,53.928,51.36,5.2
119,642-32-2990,1,1,5,2019-02-02,20:48:00,Ewallet,10.96,10,5.48,115.08,109.6,6.0
120,378-24-2715,3,1,3,2019-01-20,20:38:00,Ewallet,53.44,2,5.344,112.224,106.88,4.1
121,638-60-7125,1,1,2,2019-02-14,17:03:00,Credit card,99.56,8,39.824,836.304,796.48,5.2
122,659-36-1684,2,1,4,2019-01-12,12:02:00,Credit card,57.12,7,19.992,419.832,399.84,6.5
123,219-22-9386,3,1,4,2019-03-09,17:26:00,Credit card,99.96,9,44.982,944.622,899.64,4.2
124,336-78-2147,2,1,3,2019-03-13,19:52:00,Credit card,63.91,8,25.564,536.844,511.28,4.6
125,268-27-6179,3,1,6,2019-03-09,14:57:00,Ewallet,56.47,8,22.588,474.348,451.76,7.3
126,668-90-8900,1,1,3,2019-03-10,18:44:00,Credit card,93.69,7,32.7915,688.6215,655.83,4.5
127,870-54-3162,1,1,4,2019-01-27,13:26:00,Cash,32.25,5,8.0625,169.3125,161.25,9.0
128,189-08-9157,2,1,6,2019-01-08,16:17:00,Credit card,31.73,9,14.2785,299.8485,285.57,5.9
129,663-86-9076,2,1,5,2019-01-08,15:57:00,Ewallet,68.54,8,27.416,575.736,548.32,8.5
130,549-84-7482,3,1,4,2019-02-08,11:15:00,Ewallet,90.28,9,40.626,853.146,812.52,7.2
131,191-10-6171,3,2,6,2019-01-25,13:18:00,Cash,39.62,7,13.867,291.207,277.34,7.5
132,802-70-5316,1,1,4,2019-03-06,20:34:00,Cash,92.13,6,27.639,580.419,552.78,8.3
133,695-51-0018,3,2,4,2019-02-10,18:36:00,Cash,34.84,4,6.968,146.328,139.36,7.4
134,590-83-4591,3,1,2,2019-02-17,14:40:00,Credit card,87.45,6,26.235,550.935,524.7,8.8
135,483-71-1164,2,2,1,2019-03-08,16:43:00,Ewallet,81.3,6,24.39,512.19,487.8,5.3
136,597-78-7908,2,2,6,2019-02-18,19:39:00,Cash,90.22,3,13.533,284.193,270.66,6.2
137,700-81-1757,1,2,2,2019-01-18,20:59:00,Credit card,26.31,5,6.5775,138.1275,131.55,8.8
138,354-39-5160,1,1,3,2019-02-18,15:39:00,Cash,34.42,6,10.326,216.846,206.52,9.8
139,241-72-9525,3,2,4,2019-02-16,12:21:00,Cash,51.91,10,25.955,545.055,519.1,8.2
140,575-30-8091,1,2,4,2019-03-16,19:25:00,Ewallet,72.5,8,29.0,609.0,580.0,9.2
141,731-81-9469,2,1,4,2019-01-23,13:00:00,Credit card,89.8,10,44.9,942.9,898.0,5.4
142,280-17-4359,2,3,1,2019-01-25,13:48:00,Cash,90.5,10,45.25,950.25,905.0,8.1
143,338-65-2210,2,1,1,2019-02-05,19:57:00,Cash,68.6,10,34.3,720.3,686.0,9.1
144,488-25-4221,2,1,5,2019-02-22,10:36:00,Credit card,30.41,1,1.5205,31.9305,30.41,8.4
145,239-10-7476,1,2,3,2019-01-21,16:37:00,Ewallet,77.95,6,23.385,491.085,467.7,8.0
146,458-41-1477,2,2,1,2019-03-08,17:11:00,Credit card,46.26,6,13.878,291.438,277.56,9.5
147,685-64-1609,1,1,6,2019-02-10,12:28:00,Ewallet,30.14,10,15.07,316.47,301.4,9.2
148,568-90-5112,2,4,1,2019-03-19,12:46:00,Credit card,66.14,4,13.228,277.788,264.56,5.6
149,262-47-2794,3,3,3,2019-03-06,15:07:00,Credit card,71.86,8,28.744,603.624,574.88,6.2
150,238-49-0436,1,4,1,2019-03-27,13:48:00,Credit card,32.46,8,12.984,272.664,259.68,4.9
151,608-96-3517,3,1,6,2019-03-23,19:20:00,Credit card,91.54,4,18.308,384.468,366.16,4.8
152,584-86-7256,2,3,4,2019-03-11,16:07:00,Credit card,34.56,7,12.096,254.016,241.92,7.3
153,746-94-0204,1,4,6,2019-01-29,11:56:00,Credit card,83.24,9,37.458,786.618,749.16,7.4
154,214-17-6927,2,2,5,2019-02-07,18:23:00,Ewallet,16.48,6,4.944,103.824,98.88,9.9
155,400-89-4171,2,2,4,2019-01-28,13:05:00,Cash,80.97,8,32.388,680.148,647.76,9.3
156,782-95-9291,1,3,5,2019-02-20,15:55:00,Credit card,92.29,5,23.0725,484.5225,461.45,9.0
157,279-74-2924,3,3,2,2019-01-04,19:40:00,Cash,72.17,1,3.6085,75.7785,72.17,6.1
158,307-85-2293,3,4,3,2019-03-07,13:58:00,Ewallet,50.28,5,12.57,263.97,251.4,9.7
159,743-04-1105,3,3,1,2019-03-30,14:43:00,Ewallet,97.22,9,43.749,918.729,874.98,6.0
160,423-57-2993,3,4,4,2019-03-27,19:18:00,Ewallet,93.39,6,28.017,588.357,560.34,10.0
161,894-41-5205,2,2,5,2019-01-19,19:39:00,Credit card,43.18,8,17.272,362.712,345.44,8.3
162,275-28-0149,1,4,4,2019-02-25,16:21:00,Cash,63.69,1,3.1845,66.8745,63.69,6.0
163,101-17-6199,1,4,5,2019-03-13,19:44:00,Credit card,45.79,7,16.0265,336.5565,320.53,7.0
164,423-80-0988,2,4,4,2019-01-30,19:42:00,Ewallet,76.4,2,7.64,160.44,152.8,6.5
165,548-46-9322,3,4,5,2019-02-20,15:24:00,Credit card,39.9,10,19.95,418.95,399.0,5.9
166,505-02-0892,3,3,1,2019-02-25,14:12:00,Ewallet,42.57,8,17.028,357.588,340.56,5.6
167,234-65-2137,2,4,3,2019-01-16,13:32:00,Cash,95.58,10,47.79,1003.59,955.8,4.8
168,687-47-8271,1,4,6,2019-02-08,16:20:00,Credit card,98.98,10,49.49,1039.29,989.8,8.7
169,796-32-9050,1,4,5,2019-01-19,16:31:00,Cash,51.28,6,15.384,323.064,307.68,6.5
170,105-31-1824,1,3,4,2019-02-01,15:10:00,Credit card,69.52,7,24.332,510.972,486.64,8.5
171,249-42-3782,1,4,1,2019-01-03,11:36:00,Ewallet,70.01,5,17.5025,367.5525,350.05,5.5
172,316-55-4634,3,3,5,2019-01-26,12:45:00,Credit card,80.05,5,20.0125,420.2625,400.25,9.4
173,733-33-4967,2,4,2,2019-03-03,19:17:00,Cash,20.85,8,8.34,175.14,166.8,6.3
174,608-27-6295,3,3,2,2019-01-19,17:34:00,Credit card,52.89,6,15.867,333.207,317.34,9.8
175,414-12-7047,3,4,5,2019-01-18,12:04:00,Ewallet,19.79,8,7.916,166.236,158.32,8.7
176,827-26-2100,1,3,3,2019-03-21,16:21:00,Ewallet,33.84,9,15.228,319.788,304.56,8.8
177,175-54-2529,1,3,5,2019-03-03,17:01:00,Credit card,22.17,8,8.868,186.228,177.36,9.6
178,139-52-2867,2,2,6,2019-02-13,10:50:00,Credit card,22.51,7,7.8785,165.4485,157.57,4.8
179,407-63-8975,1,4,5,2019-03-23,19:16:00,Ewallet,73.88,6,22.164,465.444,443.28,4.4
180,342-65-4817,2,3,1,2019-01-28,16:47:00,Ewallet,86.8,3,13.02,273.42,260.4,9.9
181,130-98-8941,2,4,6,2019-02-09,10:00:00,Cash,64.26,7,22.491,472.311,449.82,5.7
182,434-83-9547,2,3,5,2019-01-23,11:51:00,Cash,38.47,8,15.388,323.148,307.76,7.7
183,851-28-6367,1,3,4,2019-03-23,10:55:00,Ewallet,15.5,10,7.75,162.75,155.0,8.0
184,824-88-3614,2,4,1,2019-01-25,15:00:00,Ewallet,34.31,8,13.724,288.204,274.48,5.7
185,586-25-0848,1,2,4,2019-03-04,11:19:00,Credit card,12.34,7,4.319,90.699,86.38,6.7
186,895-66-0685,3,3,5,2019-03-05,19:46:00,Ewallet,18.08,3,2.712,56.952,54.24,8.0
187,305-14-0245,3,1,3,2019-03-03,19:00:00,Ewallet,94.49,8,37.796,793.716,755.92,7.5
188,732-04-5373,3,3,3,2019-02-08,10:53:00,Cash,46.47,4,9.294,195.174,185.88,7.0
189,400-60-7251,1,4,3,2019-02-10,12:50:00,Ewallet,74.07,1,3.7035,77.7735,74.07,9.9
190,593-65-1552,2,2,3,2019-01-28,20:50:00,Credit card,69.81,4,13.962,293.202,279.24,5.9
191,284-34-9626,3,2,3,2019-02-11,10:39:00,Credit card,77.04,3,11.556,242.676,231.12,7.2
192,437-58-8131,3,2,6,2019-01-15,13:41:00,Ewallet,73.52,2,7.352,154.392,147.04,4.6
193,286-43-6208,2,2,5,2019-03-16,19:08:00,Cash,87.8,9,39.51,829.71,790.2,9.2
194,641-43-2399,3,4,3,2019-01-26,20:23:00,Ewallet,25.55,4,5.11,107.31,102.2,5.7
195,831-07-6050,1,4,2,2019-03-19,11:30:00,Credit card,32.71,5,8.1775,171.7275,163.55,9.9
196,556-86-3144,2,1,6,2019-01-13,19:30:00,Cash,74.29,1,3.7145,78.0045,74.29,5.0
197,848-24-9445,2,3,1,2019-03-26,18:03:00,Cash,43.7,2,4.37,91.77,87.4,4.9
198,856-22-8149,1,2,3,2019-03-23,10:13:00,Ewallet,25.29,1,1.2645,26.5545,25.29,6.1
199,699-01-4164,2,4,1,2019-03-12,19:58:00,Credit card,41.5,4,8.3,174.3,166.0,8.2
200,420-11-4919,2,1,5,2019-02-17,19:57:00,Credit card,71.39,5,17.8475,374.7975,356.95,5.5
201,606-80-4905,2,1,4,2019-01-29,10:01:00,Credit card,19.15,6,5.745,120.645,114.9,6.8
202,542-41-0513,3,1,2,2019-03-15,11:57:00,Cash,57.49,4,11.498,241.458,229.96,6.6
203,426-39-2418,2,4,2,2019-01-14,10:02:00,Cash,61.41,7,21.4935,451.3635,429.87,9.8
204,875-46-5808,3,3,1,2019-02-06,14:51:00,Ewallet,25.9,10,12.95,271.95,259.0,8.7
205,394-43-4238,3,3,3,2019-02-15,12:42:00,Credit card,17.77,5,4.4425,93.2925,88.85,5.4
206,749-24-1565,1,2,1,2019-01-03,12:02:00,Ewallet,23.03,9,10.3635,217.6335,207.27,7.9
207,672-51-8681,2,1,2,2019-01-04,18:19:00,Credit card,66.65,9,29.9925,629.8425,599.85,9.7
208,263-87-5680,2,1,3,2019-03-18,17:38:00,Ewallet,28.53,10,14.265,299.565,285.3,7.8
209,573-58-9734,3,2,6,2019-03-28,13:41:00,Ewallet,30.37,3,4.5555,95.6655,91.11,5.1
210,817-69-8206,3,2,2,2019-03-02,19:42:00,Credit card,99.73,9,44.8785,942.4485,897.57,6.5
211,888-02-0338,1,4,2,2019-01-25,20:24:00,Ewallet,26.23,9,11.8035,247.8735,236.07,5.9
212,677-11-0152,2,2,5,2019-01-16,18:08:00,Cash,93.26,9,41.967,881.307,839.34,8.8
213,142-63-6033,3,4,3,2019-03-20,19:17:00,Ewallet,92.36,5,23.09,484.89,461.8,4.9
214,656-16-1063,3,4,4,2019-01-04,13:24:00,Credit card,46.42,3,6.963,146.223,139.26,4.4
215,891-58-8335,3,1,4,2019-03-11,15:53:00,Cash,29.61,7,10.3635,217.6335,207.27,6.5
216,802-43-8934,1,4,3,2019-03-22,15:05:00,Credit card,18.28,1,0.914,19.194,18.28,8.3
217,560-30-5617,3,2,4,2019-03-24,18:27:00,Cash,24.77,5,6.1925,130.0425,123.85,8.5
218,319-74-2561,1,1,2,2019-02-21,16:55:00,Cash,94.64,3,14.196,298.116,283.92,5.5
219,549-03-9315,3,4,6,2019-02-12,12:58:00,Ewallet,94.87,8,37.948,796.908,758.96,8.7
220,790-29-1172,3,2,5,2019-03-10,18:59:00,Credit card,57.34,3,8.601,180.621,172.02,7.9
221,239-36-3640,3,4,2,2019-01-31,13:44:00,Ewallet,45.35,6,13.605,285.705,272.1,6.1
222,468-01-2051,3,4,5,2019-03-06,13:46:00,Ewallet,62.08,7,21.728,456.288,434.56,5.4
223,389-25-3394,2,4,2,2019-02-17,18:06:00,Cash,11.81,5,2.9525,62.0025,59.05,9.4
224,279-62-1445,2,1,6,2019-02-21,12:38:00,Cash,12.54,1,0.627,13.167,12.54,8.2
225,213-72-6612,1,4,5,2019-03-20,15:56:00,Cash,43.25,2,4.325,90.825,86.5,6.2
226,746-68-6593,2,1,4,2019-01-11,14:29:00,Credit card,87.16,2,8.716,183.036,174.32,9.7
227,836-82-5858,3,3,1,2019-01-26,19:14:00,Ewallet,69.37,9,31.2165,655.5465,624.33,4.0
228,583-72-1480,2,3,2,2019-01-31,16:24:00,Ewallet,37.06,4,7.412,155.652,148.24,9.7
229,466-61-5506,3,1,2,2019-02-26,10:52:00,Cash,90.7,6,27.21,571.41,544.2,5.3
230,721-86-6247,1,2,3,2019-03-11,12:55:00,Ewallet,63.42,8,25.368,532.728,507.36,7.4
231,289-65-5721,3,2,6,2019-01-26,19:28:00,Cash,81.37,2,8.137,170.877,162.74,6.5
232,545-46-3100,3,1,2,2019-03-12,13:52:00,Credit card,10.59,3,1.5885,33.3585,31.77,8.7
233,418-02-5978,3,2,1,2019-02-11,10:54:00,Cash,84.09,9,37.8405,794.6505,756.81,8.0
234,269-04-5750,3,3,6,2019-02-21,18:31:00,Cash,73.82,4,14.764,310.044,295.28,6.7
235,157-13-5295,1,3,1,2019-03-09,18:24:00,Ewallet,51.94,10,25.97,545.37,519.4,6.5
236,645-78-8093,1,2,4,2019-01-20,18:09:00,Ewallet,93.14,2,9.314,195.594,186.28,4.1
237,211-30-9270,2,4,1,2019-01-28,15:16:00,Credit card,17.41,5,4.3525,91.4025,87.05,4.9
238,755-12-3214,2,1,6,2019-03-05,17:07:00,Credit card,44.22,5,11.055,232.155,221.1,8.6
239,346-84-3103,3,1,2,2019-03-02,19:26:00,Cash,13.22,5,3.305,69.405,66.1,4.3
240,478-06-7835,1,4,6,2019-01-11,11:20:00,Ewallet,89.69,1,4.4845,94.1745,89.69,4.9
241,540-11-4336,1,4,5,2019-01-11,16:49:00,Credit card,24.94,9,11.223,235.683,224.46,5.6
242,448-81-5016,1,4,1,2019-03-11,12:01:00,Credit card,59.77,2,5.977,125.517,119.54,5.8
243,142-72-4741,2,3,6,2019-02-28,18:37:00,Credit card,93.2,2,9.32,195.72,186.4,6.0
244,217-58-1179,1,3,3,2019-01-05,11:25:00,Cash,62.65,4,12.53,263.13,250.6,4.2
245,376-02-8238,3,4,3,2019-02-02,18:42:00,Credit card,93.87,8,37.548,788.508,750.96,8.3
246,530-90-9855,1,3,3,2019-01-01,14:47:00,Cash,47.59,8,19.036,399.756,380.72,5.7
247,866-05-7563,3,1,2,2019-02-09,19:43:00,Cash,81.4,3,12.21,256.41,244.2,4.8
248,604-70-6476,1,3,6,2019-01-23,14:04:00,Ewallet,17.94,5,4.485,94.185,89.7,6.8
249,799-71-1548,1,3,2,2019-01-07,16:11:00,Credit card,77.72,4,15.544,326.424,310.88,8.8
250,785-13-7708,3,4,5,2019-01-14,19:06:00,Credit card,73.06,7,25.571,536.991,511.42,4.2
251,845-51-0542,3,3,5,2019-02-02,15:34:00,Ewallet,46.55,9,20.9475,439.8975,418.95,6.4
252,662-47-5456,2,3,6,2019-03-17,19:06:00,Credit card,35.19,10,17.595,369.495,351.9,8.4
253,883-17-4236,2,2,4,2019-03-02,19:44:00,Credit card,14.39,2,1.439,30.219,28.78,7.2
254,290-68-2984,1,4,3,2019-03-16,11:22:00,Cash,23.75,4,4.75,99.75,95.0,5.2
255,704-11-6354,1,3,3,2019-01-06,11:23:00,Cash,58.9,8,23.56,494.76,471.2,8.9
256,110-48-7033,3,3,6,2019-01-29,14:12:00,Cash,32.62,4,6.524,137.004,130.48,9.0
257,366-93-0948,1,3,2,2019-01-31,10:46:00,Credit card,66.35,1,3.3175,69.6675,66.35,9.7
258,729-09-9681,1,3,3,2019-02-05,10:16:00,Ewallet,25.91,6,7.773,163.233,155.46,8.7
259,151-16-1484,1,3,2,2019-02-13,12:38:00,Ewallet,32.25,4,6.45,135.45,129.0,6.5
260,380-94-4661,2,3,2,2019-02-07,13:05:00,Credit card,65.94,4,13.188,276.948,263.76,6.9
261,850-41-9669,1,2,2,2019-03-19,13:25:00,Ewallet,75.06,9,33.777,709.317,675.54,6.2
262,821-07-3596,2,2,6,2019-03-07,14:53:00,Ewallet,16.45,4,3.29,69.09,65.8,5.6
263,655-85-5130,3,1,6,2019-03-13,19:22:00,Cash,38.3,4,7.66,160.86,153.2,5.7
264,447-15-7839,1,1,4,2019-02-09,11:00:00,Cash,22.24,10,11.12,233.52,222.4,4.2
265,154-74-7179,3,4,4,2019-02-26,19:24:00,Ewallet,54.45,1,2.7225,57.1725,54.45,7.9
266,253-12-6086,1,1,4,2019-03-12,12:43:00,Credit card,98.4,7,34.44,723.24,688.8,8.7
267,808-65-0703,2,4,3,2019-03-14,17:22:00,Credit card,35.47,4,7.094,148.974,141.88,6.9
268,571-94-0759,3,1,5,2019-01-08,20:55:00,Cash,74.6,10,37.3,783.3,746.0,9.5
269,144-51-6085,1,3,3,2019-01-05,16:05:00,Credit card,70.74,4,14.148,297.108,282.96,4.4
270,731-14-2199,1,1,3,2019-01-04,13:34:00,Ewallet,35.54,10,17.77,373.17,355.4,7.0
271,783-09-1637,3,2,4,2019-03-06,18:13:00,Ewallet,67.43,5,16.8575,354.0075,337.15,6.3
272,687-15-1097,2,1,1,2019-01-03,19:17:00,Cash,21.12,2,2.112,44.352,42.24,9.7
273,126-54-1082,1,1,3,2019-01-07,11:44:00,Credit card,21.54,9,9.693,203.553,193.86,8.8
274,633-91-1052,1,2,3,2019-01-27,15:51:00,Cash,12.03,2,1.203,25.263,24.06,5.1
275,477-24-6490,3,2,1,2019-02-26,16:52:00,Ewallet,99.71,6,29.913,628.173,598.26,7.9
276,566-19-5475,3,4,6,2019-01-07,20:52:00,Cash,47.97,7,16.7895,352.5795,335.79,6.2
277,526-86-8552,2,1,3,2019-01-07,17:36:00,Cash,21.82,10,10.91,229.11,218.2,7.1
278,376-56-3573,2,2,6,2019-02-02,13:23:00,Ewallet,95.42,4,19.084,400.764,381.68,6.4
279,537-72-0426,2,3,6,2019-03-20,16:28:00,Cash,70.99,10,35.495,745.395,709.9,5.7
280,828-61-5674,1,3,4,2019-03-20,19:57:00,Credit card,44.02,10,22.01,462.21,440.2,9.6
281,136-08-6195,1,2,3,2019-02-15,17:01:00,Credit card,69.96,8,27.984,587.664,559.68,6.4
282,523-38-0215,2,4,3,2019-03-06,13:29:00,Credit card,37.0,1,1.85,38.85,37.0,7.9
283,490-29-1201,1,2,4,2019-01-06,11:09:00,Cash,15.34,1,0.767,16.107,15.34,6.5
284,667-92-0055,1,3,1,2019-03-04,15:02:00,Ewallet,99.83,6,29.949,628.929,598.98,8.5
285,565-17-3836,1,1,1,2019-03-12,14:21:00,Cash,47.67,4,9.534,200.214,190.68,9.1
286,498-41-1961,3,4,1,2019-02-20,18:01:00,Cash,66.68,5,16.67,350.07,333.4,7.6
287,593-95-4461,2,3,3,2019-03-24,14:49:00,Cash,74.86,1,3.743,78.603,74.86,6.9
288,226-71-3580,2,2,4,2019-01-31,12:02:00,Cash,23.75,9,10.6875,224.4375,213.75,9.5
289,283-79-9594,3,2,5,2019-01-25,13:30:00,Credit card,48.51,7,16.9785,356.5485,339.57,5.2
290,430-60-3493,1,1,3,2019-02-03,14:38:00,Cash,94.88,7,33.208,697.368,664.16,4.2
291,139-20-0155,3,3,2,2019-01-24,17:37:00,Credit card,40.3,10,20.15,423.15,403.0,7.0
292,558-80-4082,2,4,2,2019-03-14,17:20:00,Ewallet,27.85,7,9.7475,204.6975,194.95,6.0
293,278-97-7759,1,1,2,2019-02-18,20:29:00,Cash,62.48,1,3.124,65.604,62.48,4.7
294,316-68-6352,1,1,5,2019-01-21,10:00:00,Cash,36.36,2,3.636,76.356,72.72,7.1
295,585-03-5943,3,4,1,2019-03-13,11:46:00,Ewallet,18.11,10,9.055,190.155,181.1,5.9
296,211-05-0490,2,1,2,2019-03-03,13:42:00,Cash,51.92,5,12.98,272.58,259.6,7.5
297,727-75-6477,2,4,2,2019-03-29,14:44:00,Cash,28.84,4,5.768,121.128,115.36,6.4
298,744-02-5987,1,3,3,2019-01-10,14:16:00,Ewallet,78.38,6,23.514,493.794,470.28,5.8
299,307-83-9164,1,3,3,2019-01-25,15:54:00,Cash,60.01,4,12.002,252.042,240.04,4.5
300,779-06-0012,2,1,3,2019-01-19,10:21:00,Cash,88.61,1,4.4305,93.0405,88.61,7.7
301,446-47-6729,2,4,6,2019-01-02,18:09:00,Credit card,99.82,2,9.982,209.622,199.64,6.7
302,573-10-3877,3,3,1,2019-03-12,16:46:00,Credit card,39.01,1,1.9505,40.9605,39.01,4.7
303,735-06-4124,2,4,5,2019-02-25,15:31:00,Cash,48.61,1,2.4305,51.0405,48.61,4.4
304,439-54-7422,1,2,2,2019-03-18,17:15:00,Credit card,51.19,4,10.238,214.998,204.76,4.7
305,396-90-2219,3,2,2,2019-02-23,12:29:00,Cash,14.96,8,5.984,125.664,119.68,8.6
306,411-77-0180,1,3,2,2019-03-26,20:14:00,Ewallet,72.2,7,25.27,530.67,505.4,4.3
307,286-01-5402,1,2,4,2019-03-30,13:22:00,Cash,40.23,7,14.0805,295.6905,281.61,9.6
308,803-17-8013,1,1,3,2019-02-17,17:09:00,Cash,88.79,8,35.516,745.836,710.32,4.1
309,512-98-1403,1,1,2,2019-03-21,10:40:00,Ewallet,26.48,3,3.972,83.412,79.44,4.7
310,848-42-2560,1,2,6,2019-03-05,17:43:00,Cash,81.91,2,8.191,172.011,163.82,7.8
311,532-59-7201,3,3,4,2019-01-31,14:04:00,Cash,79.93,6,23.979,503.559,479.58,5.5
312,181-94-6432,2,3,6,2019-02-05,19:05:00,Ewallet,69.33,2,6.933,145.593,138.66,9.7
313,870-76-1733,1,1,5,2019-02-01,10:08:00,Credit card,14.23,5,3.5575,74.7075,71.15,4.4
314,423-64-4619,1,1,1,2019-03-07,13:12:00,Cash,15.55,9,6.9975,146.9475,139.95,5.0
315,227-07-4446,2,1,2,2019-02-10,20:51:00,Cash,78.13,10,39.065,820.365,781.3,4.4
316,174-36-3675,2,3,5,2019-02-14,17:29:00,Cash,99.37,2,9.937,208.677,198.74,5.2
317,428-83-5800,2,1,5,2019-02-09,10:25:00,Cash,21.08,3,3.162,66.402,63.24,7.3
318,603-07-0961,2,3,2,2019-01-10,11:34:00,Cash,74.79,5,18.6975,392.6475,373.95,4.9
319,704-20-4138,2,1,1,2019-03-11,18:58:00,Credit card,29.67,7,10.3845,218.0745,207.69,8.1
320,787-15-1757,2,3,1,2019-02-18,16:28:00,Ewallet,44.07,4,8.814,185.094,176.28,8.4
321,649-11-3678,2,2,5,2019-02-26,20:26:00,Cash,22.93,9,10.3185,216.6885,206.37,5.5
322,622-20-1945,2,2,1,2019-01-18,15:08:00,Cash,39.42,1,1.971,41.391,39.42,8.4
323,372-94-8041,1,4,1,2019-02-15,18:03:00,Ewallet,15.26,6,4.578,96.138,91.56,9.8
324,563-91-7120,1,2,6,2019-03-08,13:21:00,Cash,61.77,5,15.4425,324.2925,308.85,6.7
325,746-54-5508,1,4,3,2019-01-17,12:48:00,Credit card,21.52,6,6.456,135.576,129.12,9.4
326,276-54-0879,3,4,4,2019-03-12,19:53:00,Ewallet,97.74,4,19.548,410.508,390.96,6.4
327,815-11-1168,1,3,5,2019-03-09,19:09:00,Cash,99.78,5,24.945,523.845,498.9,5.4
328,719-76-3868,2,3,5,2019-03-12,16:30:00,Cash,94.26,4,18.852,395.892,377.04,8.6
329,730-61-8757,3,3,1,2019-01-25,10:11:00,Credit card,51.13,4,10.226,214.746,204.52,4.0
330,340-66-0321,1,3,2,2019-03-25,13:07:00,Cash,36.36,4,7.272,152.712,145.44,7.6
331,868-81-1752,3,4,3,2019-02-07,18:48:00,Cash,22.02,9,9.909,208.089,198.18,6.8
332,634-97-8956,1,4,5,2019-02-17,17:27:00,Credit card,32.9,3,4.935,103.635,98.7,9.1
333,566-71-1091,1,4,6,2019-02-03,15:59:00,Cash,77.02,5,19.255,404.355,385.1,5.5
334,442-48-3607,1,3,5,2019-03-14,11:21:00,Credit card,23.48,2,2.348,49.308,46.96,7.9
335,835-16-0096,2,3,4,2019-03-24,13:48:00,Ewallet,14.7,5,3.675,77.175,73.5,8.5
336,527-09-6272,1,1,2,2019-03-21,10:17:00,Credit card,28.45,5,7.1125,149.3625,142.25,9.1
337,898-04-2717,1,4,6,2019-03-19,15:49:00,Ewallet,76.4,9,34.38,721.98,687.6,7.5
338,692-27-8933,3,2,4,2019-02-24,13:02:00,Cash,57.95,6,17.385,365.085,347.7,5.2
339,633-09-3463,2,2,2,2019-03-28,12:58:00,Credit card,47.65,3,7.1475,150.0975,142.95,9.5
340,374-17-3652,3,1,5,2019-02-05,15:26:00,Credit card,42.82,9,19.269,404.649,385.38,8.9
341,378-07-7001,3,3,2,2019-02-10,18:23:00,Credit card,48.09,3,7.2135,151.4835,144.27,7.8
342,433-75-6987,3,1,1,2019-03-05,19:06:00,Ewallet,55.97,7,19.5895,411.3795,391.79,8.9
343,873-95-4984,3,1,1,2019-02-15,20:21:00,Cash,76.9,7,26.915,565.215,538.3,7.7
344,416-13-5917,2,2,5,2019-01-30,16:24:00,Ewallet,97.03,5,24.2575,509.4075,485.15,9.3
345,150-89-8043,1,4,4,2019-02-14,15:04:00,Cash,44.65,3,6.6975,140.6475,133.95,6.2
346,135-84-8019,1,2,6,2019-02-27,16:10:00,Ewallet,77.93,9,35.0685,736.4385,701.37,7.6
347,441-94-7118,1,3,2,2019-02-04,12:14:00,Cash,71.95,1,3.5975,75.5475,71.95,7.3
348,725-96-3778,2,1,3,2019-01-20,10:13:00,Cash,89.25,8,35.7,749.7,714.0,4.7
349,531-80-1784,1,4,2,2019-03-28,17:38:00,Cash,26.02,7,9.107,191.247,182.14,5.1
350,400-45-1220,3,2,1,2019-02-27,11:06:00,Credit card,13.5,10,6.75,141.75,135.0,4.8
351,860-79-0874,2,1,6,2019-02-15,14:53:00,Credit card,99.3,10,49.65,1042.65,993.0,6.6
352,834-61-8124,1,4,2,2019-01-26,18:22:00,Cash,51.69,7,18.0915,379.9215,361.83,5.5
353,115-99-4379,3,1,6,2019-03-14,19:02:00,Credit card,54.73,7,19.1555,402.2655,383.11,8.5
354,565-67-6697,3,3,3,2019-03-02,14:16:00,Cash,27.0,9,12.15,255.15,243.0,4.8
355,320-49-6392,2,2,2,2019-03-04,15:44:00,Cash,30.24,1,1.512,31.752,30.24,8.4
356,889-04-9723,3,1,5,2019-01-07,12:20:00,Credit card,89.14,4,17.828,374.388,356.56,7.8
357,632-90-0281,2,2,6,2019-03-08,20:01:00,Credit card,37.55,10,18.775,394.275,375.5,9.3
358,554-42-2417,2,2,4,2019-01-09,13:45:00,Cash,95.44,10,47.72,1002.12,954.4,5.2
359,453-63-6187,3,4,2,2019-03-01,15:40:00,Ewallet,27.5,3,4.125,86.625,82.5,6.5
360,578-80-7669,3,4,4,2019-03-16,16:58:00,Cash,74.97,1,3.7485,78.7185,74.97,5.6
361,612-36-5536,1,3,5,2019-02-17,11:12:00,Credit card,80.96,8,32.384,680.064,647.68,7.4
362,605-72-4132,2,2,5,2019-02-27,15:12:00,Cash,94.47,8,37.788,793.548,755.76,9.1
363,471-41-2823,2,4,5,2019-03-07,20:37:00,Ewallet,99.79,2,9.979,209.559,199.58,8.0
364,462-67-9126,1,4,3,2019-01-21,17:44:00,Cash,73.22,6,21.966,461.286,439.32,7.2
365,272-27-9238,2,2,5,2019-02-19,16:23:00,Cash,41.24,4,8.248,173.208,164.96,7.1
366,834-25-9262,2,2,6,2019-01-06,12:12:00,Cash,81.68,4,16.336,343.056,326.72,9.1
367,122-61-9553,2,2,2,2019-03-14,19:33:00,Cash,51.32,9,23.094,484.974,461.88,5.6
368,468-88-0009,1,3,3,2019-03-24,10:29:00,Cash,65.94,4,13.188,276.948,263.76,6.0
369,613-59-9758,2,2,4,2019-01-27,14:28:00,Cash,14.36,10,7.18,150.78,143.6,5.4
370,254-31-0042,1,3,2,2019-03-06,12:46:00,Credit card,21.5,9,9.675,203.175,193.5,7.8
371,201-86-2184,3,1,2,2019-02-02,19:40:00,Cash,26.26,7,9.191,193.011,183.82,9.9
372,261-12-8671,3,2,6,2019-01-25,19:39:00,Credit card,60.96,2,6.096,128.016,121.92,4.9
373,730-70-9830,2,2,3,2019-03-14,17:54:00,Ewallet,70.11,6,21.033,441.693,420.66,5.2
374,382-25-8917,2,4,6,2019-01-29,12:25:00,Cash,42.08,6,12.624,265.104,252.48,8.9
375,422-29-8786,1,2,3,2019-01-03,16:47:00,Credit card,67.09,5,16.7725,352.2225,335.45,9.1
376,667-23-5919,1,1,6,2019-01-14,12:52:00,Ewallet,96.7,5,24.175,507.675,483.5,7.0
377,843-01-4703,3,1,3,2019-01-05,19:50:00,Credit card,35.38,9,15.921,334.341,318.42,9.6
378,743-88-1662,2,4,4,2019-02-22,18:17:00,Ewallet,95.49,7,33.4215,701.8515,668.43,8.7
379,595-86-2894,2,3,6,2019-02-06,17:20:00,Ewallet,96.98,4,19.396,407.316,387.92,9.4
380,182-69-8360,3,2,2,2019-01-30,13:32:00,Credit card,23.65,4,4.73,99.33,94.6,4.0
381,289-15-7034,1,3,4,2019-01-11,10:37:00,Credit card,82.33,4,16.466,345.786,329.32,7.5
382,462-78-5240,2,2,2,2019-03-19,14:35:00,Cash,26.61,2,2.661,55.881,53.22,4.2
383,868-52-7573,3,2,5,2019-01-14,12:09:00,Cash,99.69,5,24.9225,523.3725,498.45,9.9
384,153-58-4872,2,1,5,2019-03-01,15:32:00,Ewallet,74.89,4,14.978,314.538,299.56,4.2
385,662-72-2873,1,2,5,2019-01-06,13:58:00,Ewallet,40.94,5,10.235,214.935,204.7,9.9
386,525-88-7307,3,3,4,2019-01-31,13:19:00,Cash,75.82,1,3.791,79.611,75.82,5.8
387,689-16-9784,2,4,5,2019-03-11,13:37:00,Cash,46.77,6,14.031,294.651,280.62,6.0
388,725-56-0833,1,2,1,2019-02-20,16:49:00,Credit card,32.32,10,16.16,339.36,323.2,10.0
389,394-41-0748,2,1,6,2019-01-27,14:55:00,Ewallet,54.07,9,24.3315,510.9615,486.63,9.5
390,596-42-3999,3,4,5,2019-03-10,14:04:00,Credit card,18.22,7,6.377,133.917,127.54,6.6
391,541-89-9860,2,1,6,2019-02-15,12:31:00,Cash,80.48,3,12.072,253.512,241.44,8.1
392,173-82-9529,3,2,6,2019-01-26,14:51:00,Cash,37.95,10,18.975,398.475,379.5,9.7
393,563-36-9814,1,3,2,2019-02-13,18:27:00,Ewallet,76.82,1,3.841,80.661,76.82,7.2
394,308-47-4913,1,1,4,2019-03-09,12:45:00,Credit card,52.26,10,26.13,548.73,522.6,6.2
395,885-17-6250,1,2,1,2019-03-06,10:36:00,Ewallet,79.74,1,3.987,83.727,79.74,7.3
396,726-27-2396,1,2,1,2019-01-24,20:36:00,Ewallet,77.5,5,19.375,406.875,387.5,4.3
397,316-01-3952,1,2,5,2019-03-13,14:16:00,Ewallet,54.27,5,13.5675,284.9175,271.35,4.6
398,760-54-1821,3,4,3,2019-03-15,10:26:00,Cash,13.59,9,6.1155,128.4255,122.31,5.8
399,793-10-3222,3,1,1,2019-03-05,13:30:00,Credit card,41.06,6,12.318,258.678,246.36,8.3
400,346-12-3257,3,3,2,2019-03-04,16:28:00,Cash,19.24,9,8.658,181.818,173.16,8.0
401,110-05-6330,2,2,5,2019-03-25,20:18:00,Credit card,39.43,6,11.829,248.409,236.58,9.4
402,651-61-0874,2,4,3,2019-03-12,20:04:00,Credit card,46.22,4,9.244,194.124,184.88,6.2
403,236-86-3015,2,3,3,2019-02-04,13:38:00,Ewallet,13.98,1,0.699,14.679,13.98,9.8
404,831-64-0259,3,2,6,2019-02-22,10:43:00,Ewallet,39.75,5,9.9375,208.6875,198.75,9.6
405,587-03-7455,2,1,6,2019-02-16,17:30:00,Ewallet,97.79,7,34.2265,718.7565,684.53,4.9
406,882-40-4577,1,3,4,2019-01-19,15:28:00,Credit card,67.26,4,13.452,282.492,269.04,8.0
407,732-67-5346,1,4,5,2019-01-11,19:07:00,Credit card,13.79,5,3.4475,72.3975,68.95,7.8
408,725-32-9708,3,1,6,2019-01-04,19:01:00,Cash,68.71,4,13.742,288.582,274.84,4.1
409,256-08-8343,1,2,3,2019-03-04,19:48:00,Ewallet,56.53,4,11.306,237.426,226.12,5.5
410,372-26-1506,2,2,6,2019-01-28,19:24:00,Ewallet,23.82,5,5.955,125.055,119.1,5.4
411,244-08-0162,3,2,1,2019-01-02,13:00:00,Cash,34.21,10,17.105,359.205,342.1,5.1
412,569-71-4390,3,4,4,2019-01-25,14:29:00,Ewallet,21.87,2,2.187,45.927,43.74,6.9
413,132-23-6451,1,3,1,2019-01-04,13:21:00,Cash,20.97,5,5.2425,110.0925,104.85,7.8
414,696-90-2548,1,4,4,2019-03-10,18:55:00,Ewallet,25.84,3,3.876,81.396,77.52,6.6
415,472-15-9636,1,4,3,2019-03-22,19:36:00,Ewallet,50.93,8,20.372,427.812,407.44,9.2
416,268-03-6164,3,4,1,2019-01-25,16:28:00,Ewallet,96.11,1,4.8055,100.9155,96.11,7.8
417,750-57-9686,2,2,3,2019-01-08,13:48:00,Credit card,45.38,4,9.076,190.596,181.52,8.7
418,186-09-3669,2,1,1,2019-01-22,10:57:00,Ewallet,81.51,1,4.0755,85.5855,81.51,9.2
419,848-07-1692,3,2,1,2019-01-12,17:13:00,Ewallet,57.22,2,5.722,120.162,114.44,8.3
420,745-71-3520,1,1,2,2019-02-04,10:23:00,Cash,25.22,7,8.827,185.367,176.54,8.2
421,266-76-6436,2,1,5,2019-03-28,13:57:00,Ewallet,38.6,3,5.79,121.59,115.8,7.5
422,740-22-2500,2,2,2,2019-01-23,13:29:00,Cash,84.05,3,12.6075,264.7575,252.15,9.8
423,271-88-8734,2,1,6,2019-02-08,13:00:00,Credit card,97.21,10,48.605,1020.705,972.1,8.7
424,301-81-8610,3,3,6,2019-03-19,19:42:00,Credit card,25.42,8,10.168,213.528,203.36,6.7
425,489-64-4354,2,4,6,2019-03-09,15:36:00,Cash,16.28,1,0.814,17.094,16.28,5.0
426,198-84-7132,3,3,6,2019-01-02,13:40:00,Cash,40.61,9,18.2745,383.7645,365.49,7.0
427,269-10-8440,1,3,1,2019-01-21,18:01:00,Cash,53.17,7,18.6095,390.7995,372.19,8.9
428,650-98-6268,3,1,5,2019-03-20,13:53:00,Credit card,20.87,3,3.1305,65.7405,62.61,8.0
429,741-73-3559,3,4,4,2019-02-27,17:27:00,Cash,67.27,5,16.8175,353.1675,336.35,6.9
430,325-77-6186,1,1,3,2019-03-08,10:53:00,Ewallet,90.65,10,45.325,951.825,906.5,7.3
431,286-75-7818,3,4,6,2019-01-31,19:48:00,Credit card,69.08,2,6.908,145.068,138.16,6.9
432,574-57-9721,2,4,5,2019-03-08,16:53:00,Ewallet,43.27,2,4.327,90.867,86.54,5.7
433,459-50-7686,1,2,2,2019-01-13,19:14:00,Ewallet,23.46,6,7.038,147.798,140.76,6.4
434,616-87-0016,3,4,6,2019-03-09,14:36:00,Credit card,95.54,7,33.439,702.219,668.78,9.6
435,837-55-7229,3,2,6,2019-02-22,18:19:00,Credit card,47.44,1,2.372,49.812,47.44,6.8
436,751-69-0068,2,4,4,2019-03-19,19:09:00,Ewallet,99.24,9,44.658,937.818,893.16,9.0
437,257-73-1380,2,3,4,2019-01-20,16:51:00,Ewallet,82.93,4,16.586,348.306,331.72,9.6
438,345-08-4992,1,4,3,2019-03-08,15:37:00,Credit card,33.99,6,10.197,214.137,203.94,7.7
439,549-96-4200,2,3,5,2019-03-08,20:15:00,Ewallet,17.04,4,3.408,71.568,68.16,7.0
440,810-60-6344,2,2,2,2019-02-07,14:38:00,Credit card,40.86,8,16.344,343.224,326.88,6.5
441,450-28-2866,2,3,5,2019-01-15,19:25:00,Cash,17.44,5,4.36,91.56,87.2,8.1
442,394-30-3170,3,1,4,2019-03-22,19:35:00,Credit card,88.43,8,35.372,742.812,707.44,4.3
443,138-17-5109,1,1,3,2019-01-15,15:42:00,Credit card,89.21,9,40.1445,843.0345,802.89,6.5
444,192-98-7397,2,4,6,2019-01-08,14:11:00,Ewallet,12.78,1,0.639,13.419,12.78,9.5
445,301-11-9629,1,2,4,2019-01-15,10:43:00,Cash,19.1,7,6.685,140.385,133.7,9.7
446,390-80-5128,3,1,1,2019-01-28,17:58:00,Credit card,19.15,1,0.9575,20.1075,19.15,9.5
447,235-46-8343,2,3,5,2019-02-14,11:26:00,Credit card,27.66,10,13.83,290.43,276.6,8.9
448,453-12-7053,2,4,6,2019-03-10,17:38:00,Credit card,45.74,3,6.861,144.081,137.22,6.5
449,296-11-7041,3,1,1,2019-01-12,20:07:00,Credit card,27.07,1,1.3535,28.4235,27.07,5.3
450,449-27-2918,3,1,4,2019-03-26,11:02:00,Credit card,39.12,1,1.956,41.076,39.12,9.6
451,891-01-7034,3,2,2,2019-01-01,19:07:00,Cash,74.71,6,22.413,470.673,448.26,6.7
452,744-09-5786,3,4,2,2019-01-02,18:50:00,Cash,22.01,6,6.603,138.663,132.06,7.6
453,727-17-0390,1,2,5,2019-03-16,12:43:00,Ewallet,63.61,5,15.9025,333.9525,318.05,4.8
454,568-88-3448,1,4,1,2019-03-03,15:09:00,Ewallet,25.0,1,1.25,26.25,25.0,5.5
455,187-83-5490,1,3,2,2019-01-31,13:47:00,Cash,20.77,4,4.154,87.234,83.08,4.7
456,767-54-1907,3,1,6,2019-02-13,16:59:00,Cash,29.56,5,7.39,155.19,147.8,6.9
457,710-46-4433,3,1,5,2019-02-15,14:15:00,Credit card,77.4,9,34.83,731.43,696.6,4.5
458,533-33-5337,3,4,2,2019-02-07,20:24:00,Cash,79.39,10,39.695,833.595,793.9,6.2
459,325-90-8763,2,1,2,2019-01-27,13:58:00,Cash,46.57,10,23.285,488.985,465.7,7.6
460,729-46-7422,2,4,5,2019-02-23,16:52:00,Credit card,35.89,1,1.7945,37.6845,35.89,7.9
461,639-76-1242,2,4,5,2019-02-03,15:19:00,Cash,40.52,5,10.13,212.73,202.6,4.5
462,234-03-4040,3,1,5,2019-03-03,12:25:00,Credit card,73.05,10,36.525,767.025,730.5,8.7
463,326-71-2155,2,2,4,2019-02-03,10:02:00,Cash,73.95,4,14.79,310.59,295.8,6.1
464,320-32-8842,2,1,5,2019-03-17,18:58:00,Cash,22.62,1,1.131,23.751,22.62,6.4
465,470-32-9057,1,3,5,2019-03-28,15:31:00,Credit card,51.34,5,12.835,269.535,256.7,9.1
466,878-30-2331,2,1,4,2019-03-02,11:22:00,Credit card,54.55,10,27.275,572.775,545.5,7.1
467,440-59-5691,2,1,1,2019-02-08,13:12:00,Credit card,37.15,7,13.0025,273.0525,260.05,7.7
468,554-53-3790,3,4,4,2019-03-22,18:33:00,Cash,37.02,6,11.106,233.226,222.12,4.5
469,746-19-0921,2,4,5,2019-02-09,10:02:00,Ewallet,21.58,1,1.079,22.659,21.58,7.2
470,233-34-0817,2,1,2,2019-02-15,11:21:00,Cash,98.84,1,4.942,103.782,98.84,8.4
471,767-05-1286,2,1,3,2019-01-23,12:10:00,Ewallet,83.77,6,25.131,527.751,502.62,5.4
472,340-21-9136,1,1,4,2019-01-25,11:40:00,Cash,40.05,4,8.01,168.21,160.2,9.7
473,405-31-3305,1,3,6,2019-02-02,18:31:00,Credit card,43.13,10,21.565,452.865,431.3,5.5
474,731-59-7531,3,3,1,2019-03-30,17:58:00,Cash,72.57,8,29.028,609.588,580.56,4.6
475,676-39-6028,1,1,2,2019-03-30,17:04:00,Cash,64.44,5,16.11,338.31,322.2,6.6
476,502-05-1910,1,4,1,2019-02-25,20:35:00,Credit card,65.18,3,9.777,205.317,195.54,6.3
477,485-30-8700,1,2,4,2019-03-18,16:10:00,Credit card,33.26,5,8.315,174.615,166.3,4.2
478,598-47-9715,2,4,2,2019-03-07,16:54:00,Ewallet,84.07,4,16.814,353.094,336.28,4.4
479,701-69-8742,3,4,4,2019-03-16,10:11:00,Ewallet,34.37,10,17.185,360.885,343.7,6.7
480,575-67-1508,1,4,2,2019-01-29,11:26:00,Ewallet,38.6,1,1.93,40.53,38.6,6.7
481,541-08-3113,2,4,5,2019-02-02,20:29:00,Cash,65.97,8,26.388,554.148,527.76,8.4
482,246-11-3901,2,2,2,2019-02-15,12:12:00,Cash,32.8,10,16.4,344.4,328.0,6.2
483,674-15-9296,1,4,4,2019-01-08,13:05:00,Ewallet,37.14,5,9.285,194.985,185.7,5.0
484,305-18-3552,3,3,3,2019-02-12,16:19:00,Cash,60.38,10,30.19,633.99,603.8,6.0
485,493-65-6248,2,1,4,2019-01-01,19:48:00,Credit card,36.98,10,18.49,388.29,369.8,7.0
486,438-01-4015,3,1,4,2019-03-21,15:25:00,Ewallet,49.49,4,9.898,207.858,197.96,6.6
487,709-58-4068,3,2,6,2019-02-28,14:42:00,Cash,41.09,10,20.545,431.445,410.9,7.3
488,795-49-7276,1,4,6,2019-03-23,18:59:00,Ewallet,37.15,4,7.43,156.03,148.6,8.3
489,556-72-8512,2,4,3,2019-01-30,20:47:00,Cash,22.96,1,1.148,24.108,22.96,4.3
490,627-95-3243,3,1,3,2019-02-04,13:21:00,Ewallet,77.68,9,34.956,734.076,699.12,9.8
491,686-41-0932,3,2,6,2019-03-13,19:48:00,Ewallet,34.7,2,3.47,72.87,69.4,8.2
492,510-09-5628,1,1,6,2019-03-15,18:20:00,Credit card,19.66,10,9.83,206.43,196.6,7.2
493,608-04-3797,3,1,1,2019-03-05,20:24:00,Ewallet,25.32,8,10.128,212.688,202.56,8.7
494,148-82-2527,2,1,3,2019-03-05,13:44:00,Credit card,12.12,10,6.06,127.26,121.2,8.4
495,437-53-3084,3,4,6,2019-02-26,11:48:00,Ewallet,99.89,2,9.989,209.769,199.78,7.1
496,632-32-4574,3,4,4,2019-03-20,14:14:00,Cash,75.92,8,30.368,637.728,607.36,5.5
497,556-97-7101,2,2,2,2019-01-01,15:51:00,Cash,63.22,2,6.322,132.762,126.44,8.5
498,862-59-8517,2,2,5,2019-01-27,11:17:00,Cash,90.24,6,27.072,568.512,541.44,6.2
499,401-18-8016,3,1,4,2019-01-21,17:36:00,Cash,98.13,1,4.9065,103.0365,98.13,8.9
500,420-18-8989,1,1,4,2019-02-02,15:47:00,Cash,51.52,8,20.608,432.768,412.16,9.6
501,277-63-2961,3,3,4,2019-02-03,15:53:00,Credit card,73.97,1,3.6985,77.6685,73.97,5.4
502,573-98-8548,2,1,6,2019-01-05,12:40:00,Ewallet,31.9,1,1.595,33.495,31.9,9.1
503,620-02-2046,2,4,3,2019-01-27,19:48:00,Ewallet,69.4,2,6.94,145.74,138.8,9.0
504,282-35-2475,3,2,4,2019-03-25,17:53:00,Cash,93.31,2,9.331,195.951,186.62,6.3
505,511-54-3087,3,4,4,2019-02-25,16:36:00,Credit card,88.45,1,4.4225,92.8725,88.45,9.5
506,726-29-6793,1,3,2,2019-01-28,20:54:00,Ewallet,24.18,8,9.672,203.112,193.44,9.8
507,387-49-4215,3,1,4,2019-01-08,12:50:00,Cash,48.5,3,7.275,152.775,145.5,6.7
508,862-17-9201,3,2,5,2019-01-29,10:48:00,Credit card,84.05,6,25.215,529.515,504.3,7.7
509,291-21-5991,3,3,1,2019-03-29,14:28:00,Cash,61.29,5,15.3225,321.7725,306.45,7.0
510,602-80-9671,2,1,3,2019-02-09,17:15:00,Credit card,15.95,6,4.785,100.485,95.7,5.1
511,347-72-6115,3,1,4,2019-01-16,18:03:00,Credit card,90.74,7,31.759,666.939,635.18,6.2
512,209-61-0206,1,2,3,2019-01-05,17:29:00,Ewallet,42.91,5,10.7275,225.2775,214.55,6.1
513,595-27-4851,1,2,6,2019-01-27,18:05:00,Ewallet,54.28,7,18.998,398.958,379.96,9.3
514,189-52-0236,1,4,2,2019-03-14,12:07:00,Cash,99.55,7,34.8425,731.6925,696.85,7.6
515,503-07-0930,2,3,4,2019-02-23,19:49:00,Credit card,58.39,7,20.4365,429.1665,408.73,8.2
516,413-20-6708,2,1,6,2019-03-18,15:52:00,Ewallet,51.47,1,2.5735,54.0435,51.47,8.5
517,425-85-2085,3,3,1,2019-03-29,16:48:00,Ewallet,54.86,5,13.715,288.015,274.3,9.8
518,521-18-7827,2,3,3,2019-01-22,20:46:00,Credit card,39.39,5,9.8475,206.7975,196.95,8.7
519,220-28-1851,1,4,3,2019-03-01,18:14:00,Ewallet,34.73,2,3.473,72.933,69.46,9.7
520,600-38-9738,2,3,4,2019-01-17,15:05:00,Credit card,71.92,5,17.98,377.58,359.6,4.3
521,734-91-1155,3,2,2,2019-03-26,10:34:00,Credit card,45.71,3,6.8565,143.9865,137.13,7.7
522,451-28-5717,2,1,3,2019-03-20,11:23:00,Cash,83.17,6,24.951,523.971,499.02,7.3
523,609-81-8548,1,1,3,2019-02-06,13:55:00,Credit card,37.44,6,11.232,235.872,224.64,5.9
524,133-14-7229,2,4,1,2019-01-01,11:43:00,Cash,62.87,2,6.287,132.027,125.74,5.0
525,534-01-4457,1,4,5,2019-01-27,14:36:00,Credit card,81.71,6,24.513,514.773,490.26,8.0
526,719-89-8991,1,1,4,2019-02-25,16:03:00,Ewallet,91.41,5,22.8525,479.9025,457.05,7.1
527,286-62-6248,3,4,6,2019-01-16,20:03:00,Credit card,39.21,4,7.842,164.682,156.84,9.0
528,339-38-9982,3,3,6,2019-01-13,14:55:00,Ewallet,59.86,2,5.986,125.706,119.72,6.7
529,827-44-5872,3,1,5,2019-02-07,11:28:00,Credit card,54.36,10,27.18,570.78,543.6,6.1
530,827-77-7633,1,4,4,2019-02-17,19:41:00,Cash,98.09,9,44.1405,926.9505,882.81,9.3
531,287-83-1405,1,4,1,2019-02-12,19:01:00,Ewallet,25.43,6,7.629,160.209,152.58,7.0
532,435-13-4908,1,3,6,2019-01-24,18:04:00,Credit card,86.68,8,34.672,728.112,693.44,7.2
533,857-67-9057,3,4,2,2019-02-06,19:20:00,Ewallet,22.95,10,11.475,240.975,229.5,8.2
534,236-27-1144,2,2,5,2019-03-26,10:31:00,Ewallet,16.31,9,7.3395,154.1295,146.79,8.4
535,892-05-6689,1,2,3,2019-03-11,13:28:00,Ewallet,28.32,5,7.08,148.68,141.6,6.2
536,583-41-4548,2,4,3,2019-02-07,11:36:00,Ewallet,16.67,7,5.8345,122.5245,116.69,7.4
537,339-12-4827,3,1,6,2019-01-05,11:32:00,Credit card,73.96,1,3.698,77.658,73.96,5.0
538,643-38-7867,1,4,3,2019-03-07,11:44:00,Ewallet,97.94,1,4.897,102.837,97.94,6.9
539,308-81-0538,1,2,6,2019-02-25,17:16:00,Credit card,73.05,4,14.61,306.81,292.2,4.9
540,358-88-9262,2,1,5,2019-02-01,18:43:00,Ewallet,87.48,6,26.244,551.124,524.88,5.1
541,460-35-4390,1,4,3,2019-01-22,11:00:00,Ewallet,30.68,3,4.602,96.642,92.04,9.1
542,343-87-0864,2,3,1,2019-01-03,10:30:00,Credit card,75.88,1,3.794,79.674,75.88,7.1
543,173-50-1108,3,1,4,2019-02-13,12:14:00,Credit card,20.18,4,4.036,84.756,80.72,5.0
544,243-47-2663,2,3,2,2019-01-28,16:43:00,Credit card,18.77,6,5.631,118.251,112.62,5.5
545,841-18-8232,3,2,5,2019-01-05,20:40:00,Credit card,71.2,1,3.56,74.76,71.2,9.2
546,701-23-5550,3,3,3,2019-03-19,13:40:00,Ewallet,38.81,4,7.762,163.002,155.24,4.9
547,647-50-1224,1,2,6,2019-01-12,16:23:00,Ewallet,29.42,10,14.71,308.91,294.2,8.9
548,541-48-8554,1,4,4,2019-01-07,12:08:00,Credit card,60.95,9,27.4275,575.9775,548.55,6.0
549,539-21-7227,3,2,4,2019-01-26,17:45:00,Cash,51.54,5,12.885,270.585,257.7,4.2
550,213-32-1216,1,2,2,2019-01-23,10:28:00,Cash,66.06,6,19.818,416.178,396.36,7.3
551,747-58-7183,3,4,6,2019-02-09,20:31:00,Ewallet,57.27,3,8.5905,180.4005,171.81,6.5
552,582-52-8065,3,2,6,2019-02-22,10:49:00,Cash,54.31,9,24.4395,513.2295,488.79,8.9
553,210-57-1719,3,2,1,2019-02-05,12:34:00,Cash,58.24,9,26.208,550.368,524.16,9.7
554,399-69-4630,2,4,2,2019-03-07,10:23:00,Credit card,22.21,6,6.663,139.923,133.26,8.6
555,134-75-2619,1,3,2,2019-03-25,18:51:00,Cash,19.32,7,6.762,142.002,135.24,6.9
556,356-44-8813,3,4,3,2019-01-20,13:45:00,Credit card,37.48,3,5.622,118.062,112.44,7.7
557,198-66-9832,3,1,6,2019-02-04,19:38:00,Cash,72.04,2,7.204,151.284,144.08,9.5
558,283-26-5248,2,1,5,2019-01-30,20:23:00,Ewallet,98.52,10,49.26,1034.46,985.2,4.5
559,712-39-0363,1,3,5,2019-01-02,15:24:00,Ewallet,41.66,6,12.498,262.458,249.96,5.6
560,218-59-9410,1,1,3,2019-03-29,16:54:00,Ewallet,72.42,3,10.863,228.123,217.26,8.2
561,174-75-0888,3,4,2,2019-03-14,12:32:00,Cash,21.58,9,9.711,203.931,194.22,7.3
562,866-99-7614,2,4,5,2019-02-11,15:42:00,Credit card,89.2,10,44.6,936.6,892.0,4.4
563,134-54-4720,3,2,2,2019-01-30,13:58:00,Ewallet,42.42,8,16.968,356.328,339.36,5.7
564,760-90-2357,1,3,2,2019-03-20,15:08:00,Ewallet,74.51,6,22.353,469.413,447.06,5.0
565,514-37-2845,3,4,6,2019-03-20,13:02:00,Cash,99.25,2,9.925,208.425,198.5,9.0
566,698-98-5964,1,2,5,2019-01-17,13:01:00,Credit card,81.21,10,40.605,852.705,812.1,6.3
567,718-57-9773,2,2,4,2019-02-03,16:40:00,Credit card,49.33,10,24.665,517.965,493.3,9.4
568,651-88-7328,1,2,6,2019-01-01,13:55:00,Cash,65.74,9,29.583,621.243,591.66,7.7
569,241-11-2261,3,2,6,2019-01-10,10:33:00,Credit card,79.86,7,27.951,586.971,559.02,5.5
570,408-26-9866,2,2,4,2019-03-02,16:42:00,Ewallet,73.98,7,25.893,543.753,517.86,4.1
571,834-83-1826,3,1,3,2019-02-25,17:16:00,Credit card,82.04,5,20.51,430.71,410.2,7.6
572,343-61-3544,3,3,4,2019-01-29,11:48:00,Cash,26.67,10,13.335,280.035,266.7,8.6
573,239-48-4278,1,3,5,2019-03-10,19:35:00,Ewallet,10.13,7,3.5455,74.4555,70.91,8.3
574,355-34-6244,3,4,5,2019-01-13,19:55:00,Credit card,72.39,2,7.239,152.019,144.78,8.1
575,550-84-8664,1,4,4,2019-03-22,14:33:00,Credit card,85.91,5,21.4775,451.0275,429.55,8.6
576,339-96-8318,3,3,6,2019-03-01,19:49:00,Ewallet,81.31,7,28.4585,597.6285,569.17,6.3
577,458-61-0011,3,4,5,2019-02-20,18:43:00,Cash,60.3,4,12.06,253.26,241.2,5.8
578,592-34-6155,2,4,5,2019-01-14,14:43:00,Ewallet,31.77,4,6.354,133.434,127.08,6.2
579,797-88-0493,1,2,1,2019-03-26,13:54:00,Cash,64.27,4,12.854,269.934,257.08,7.7
580,207-73-1363,3,4,1,2019-03-01,12:15:00,Ewallet,69.51,2,6.951,145.971,139.02,8.1
581,390-31-6381,2,4,5,2019-01-07,12:37:00,Cash,27.22,3,4.083,85.743,81.66,7.3
582,443-82-0585,1,1,1,2019-02-01,19:54:00,Cash,77.68,4,15.536,326.256,310.72,8.4
583,339-18-7061,2,1,6,2019-02-13,15:06:00,Credit card,92.98,2,9.298,195.258,185.96,8.0
584,359-90-3665,3,1,6,2019-01-14,18:03:00,Credit card,18.08,4,3.616,75.936,72.32,9.5
585,375-72-3056,3,4,4,2019-01-19,15:58:00,Ewallet,63.06,3,9.459,198.639,189.18,7.0
586,127-47-6963,1,4,1,2019-03-09,13:53:00,Credit card,51.71,4,10.342,217.182,206.84,9.8
587,278-86-2735,1,2,5,2019-03-27,14:03:00,Cash,52.34,3,7.851,164.871,157.02,9.2
588,695-28-6250,1,2,4,2019-02-04,16:38:00,Ewallet,43.06,5,10.765,226.065,215.3,7.7
589,379-17-6588,2,4,6,2019-03-14,11:07:00,Cash,59.61,10,29.805,625.905,596.1,5.3
590,227-50-3718,1,4,1,2019-03-04,12:23:00,Cash,14.62,5,3.655,76.755,73.1,4.4
591,302-15-2162,2,3,1,2019-03-03,10:54:00,Credit card,46.53,6,13.959,293.139,279.18,4.3
592,788-07-8452,2,1,3,2019-01-27,17:38:00,Ewallet,24.24,7,8.484,178.164,169.68,9.4
593,560-49-6611,1,1,4,2019-02-07,14:13:00,Cash,45.58,1,2.279,47.859,45.58,9.8
594,880-35-0356,1,1,4,2019-02-05,11:51:00,Ewallet,75.2,3,11.28,236.88,225.6,4.8
595,585-11-6748,3,3,4,2019-03-15,13:05:00,Cash,96.8,3,14.52,304.92,290.4,5.3
596,470-31-3286,3,4,1,2019-03-01,11:30:00,Credit card,14.82,3,2.223,46.683,44.46,8.7
597,152-68-2907,1,4,5,2019-02-15,13:30:00,Credit card,52.2,3,7.83,164.43,156.6,9.5
598,123-35-4896,2,2,4,2019-02-17,19:11:00,Ewallet,46.66,9,20.997,440.937,419.94,5.3
599,258-69-7810,2,2,6,2019-01-26,18:53:00,Cash,36.85,5,9.2125,193.4625,184.25,9.2
600,334-64-2006,1,1,3,2019-03-24,14:22:00,Ewallet,70.32,2,7.032,147.672,140.64,9.6
601,219-61-4139,2,4,2,2019-01-23,17:16:00,Ewallet,83.08,1,4.154,87.234,83.08,6.4
602,881-41-7302,2,2,6,2019-01-26,10:06:00,Credit card,64.99,1,3.2495,68.2395,64.99,4.5
603,373-09-4567,2,4,5,2019-03-14,20:35:00,Ewallet,77.56,10,38.78,814.38,775.6,6.9
604,642-30-6693,3,2,4,2019-03-17,13:54:00,Ewallet,54.51,6,16.353,343.413,327.06,7.8
605,484-22-8230,2,1,6,2019-01-08,20:08:00,Cash,51.89,7,18.1615,381.3915,363.23,4.5
606,830-58-2383,3,4,3,2019-02-08,15:26:00,Cash,31.75,4,6.35,133.35,127.0,8.6
607,559-98-9873,1,1,6,2019-02-10,12:56:00,Ewallet,53.65,7,18.7775,394.3275,375.55,5.2
608,544-32-5024,2,1,5,2019-03-28,19:16:00,Credit card,49.79,4,9.958,209.118,199.16,6.4
609,318-12-0304,1,4,6,2019-01-23,12:20:00,Ewallet,30.61,1,1.5305,32.1405,30.61,5.2
610,349-97-8902,3,3,5,2019-01-17,10:37:00,Ewallet,57.89,2,5.789,121.569,115.78,8.9
611,421-95-9805,1,2,2,2019-02-07,10:18:00,Credit card,28.96,1,1.448,30.408,28.96,6.2
612,277-35-5865,2,1,5,2019-03-09,11:23:00,Cash,98.97,9,44.5365,935.2665,890.73,6.7
613,789-23-8625,3,3,6,2019-01-24,11:45:00,Cash,93.22,3,13.983,293.643,279.66,7.2
614,284-54-4231,2,3,4,2019-01-19,16:08:00,Credit card,80.93,1,4.0465,84.9765,80.93,9.0
615,443-59-0061,1,3,5,2019-02-03,11:25:00,Ewallet,67.45,10,33.725,708.225,674.5,4.2
616,509-29-3912,1,1,4,2019-03-20,12:24:00,Ewallet,38.72,9,17.424,365.904,348.48,4.2
617,327-40-9673,3,3,4,2019-01-13,19:51:00,Cash,72.6,6,21.78,457.38,435.6,6.9
618,840-19-2096,2,3,2,2019-03-14,18:10:00,Ewallet,87.91,5,21.9775,461.5275,439.55,4.4
619,828-46-6863,1,3,5,2019-01-23,11:22:00,Credit card,98.53,6,29.559,620.739,591.18,4.0
620,641-96-3695,2,1,6,2019-02-07,17:55:00,Ewallet,43.46,6,13.038,273.798,260.76,8.5
621,420-97-3340,1,2,5,2019-03-28,15:30:00,Credit card,71.68,3,10.752,225.792,215.04,9.2
622,436-54-4512,1,1,5,2019-03-20,19:44:00,Cash,91.61,1,4.5805,96.1905,91.61,9.8
623,670-79-6321,3,1,3,2019-01-17,15:27:00,Credit card,94.59,7,33.1065,695.2365,662.13,4.9
624,852-62-7105,3,2,6,2019-01-12,11:25:00,Credit card,83.25,10,41.625,874.125,832.5,4.4
625,598-06-7312,3,3,6,2019-02-16,15:42:00,Cash,91.35,1,4.5675,95.9175,91.35,6.8
626,135-13-8269,3,1,5,2019-01-26,16:04:00,Cash,78.88,2,7.888,165.648,157.76,9.1
627,816-57-2053,1,4,4,2019-03-09,12:37:00,Ewallet,60.87,2,6.087,127.827,121.74,8.7
628,628-90-8624,3,3,1,2019-03-14,14:41:00,Cash,82.58,10,41.29,867.09,825.8,5.0
629,856-66-2701,1,3,3,2019-01-25,14:19:00,Ewallet,53.3,3,7.995,167.895,159.9,7.5
630,308-39-1707,1,2,6,2019-01-26,18:19:00,Credit card,12.09,1,0.6045,12.6945,12.09,8.2
631,149-61-1929,1,4,4,2019-01-19,14:08:00,Credit card,64.19,10,32.095,673.995,641.9,6.7
632,655-07-2265,1,4,2,2019-03-05,16:38:00,Ewallet,78.31,3,11.7465,246.6765,234.93,5.4
633,589-02-8023,1,3,5,2019-01-15,10:54:00,Credit card,83.77,2,8.377,175.917,167.54,7.0
634,420-04-7590,3,4,3,2019-03-18,11:29:00,Ewallet,99.7,3,14.955,314.055,299.1,4.7
635,182-88-2763,3,3,5,2019-03-20,19:28:00,Credit card,79.91,3,11.9865,251.7165,239.73,5.0
636,188-55-0967,3,3,1,2019-01-15,15:01:00,Credit card,66.47,10,33.235,697.935,664.7,5.0
637,610-46-4100,1,4,1,2019-03-03,20:31:00,Credit card,28.95,7,10.1325,212.7825,202.65,6.0
638,318-81-2368,2,2,2,2019-03-19,12:16:00,Cash,46.2,1,2.31,48.51,46.2,6.3
639,364-33-8584,3,1,5,2019-03-08,15:27:00,Cash,17.63,5,4.4075,92.5575,88.15,8.5
640,665-63-9737,3,4,6,2019-02-27,17:36:00,Ewallet,52.42,3,7.863,165.123,157.26,7.5
641,695-09-5146,3,1,5,2019-02-23,20:00:00,Ewallet,98.79,3,14.8185,311.1885,296.37,6.4
642,155-45-3814,2,1,2,2019-03-19,15:29:00,Ewallet,88.55,8,35.42,743.82,708.4,4.7
643,794-32-2436,3,3,2,2019-03-27,15:08:00,Ewallet,55.67,2,5.567,116.907,111.34,6.0
644,131-15-8856,2,1,5,2019-03-30,19:26:00,Credit card,72.52,8,29.008,609.168,580.16,4.0
645,273-84-2164,2,3,2,2019-02-16,15:53:00,Ewallet,12.05,5,3.0125,63.2625,60.25,5.5
646,706-36-6154,1,3,3,2019-01-18,18:43:00,Ewallet,19.36,9,8.712,182.952,174.24,8.7
647,778-89-7974,2,4,1,2019-03-30,14:58:00,Cash,70.21,6,21.063,442.323,421.26,7.4
648,574-31-8277,3,3,6,2019-03-20,19:55:00,Cash,33.63,1,1.6815,35.3115,33.63,5.6
649,859-71-0933,2,1,4,2019-01-16,15:10:00,Cash,15.49,2,1.549,32.529,30.98,6.3
650,740-11-5257,2,4,2,2019-02-24,16:44:00,Cash,24.74,10,12.37,259.77,247.4,7.1
651,369-82-2676,3,4,2,2019-01-15,18:22:00,Ewallet,75.66,5,18.915,397.215,378.3,7.8
652,563-47-4072,3,2,1,2019-01-22,11:52:00,Cash,55.81,6,16.743,351.603,334.86,9.9
653,742-04-5161,1,3,3,2019-02-03,17:24:00,Cash,72.78,10,36.39,764.19,727.8,7.3
654,149-15-7606,3,3,4,2019-03-06,15:31:00,Ewallet,37.32,9,16.794,352.674,335.88,5.1
655,133-77-3154,3,3,6,2019-02-16,18:04:00,Credit card,60.18,4,12.036,252.756,240.72,9.4
656,169-52-4504,1,2,2,2019-03-14,14:13:00,Credit card,15.69,3,2.3535,49.4235,47.07,5.8
657,250-81-7186,2,2,2,2019-02-27,10:23:00,Credit card,99.69,1,4.9845,104.6745,99.69,8.0
658,562-12-5430,1,1,6,2019-01-18,10:11:00,Ewallet,88.15,3,13.2225,277.6725,264.45,7.9
659,816-72-8853,1,1,4,2019-01-29,15:48:00,Cash,27.93,5,6.9825,146.6325,139.65,5.9
660,491-38-3499,1,3,6,2019-02-26,17:46:00,Credit card,55.45,1,2.7725,58.2225,55.45,4.9
661,322-02-2271,3,2,4,2019-02-03,11:46:00,Cash,42.97,3,6.4455,135.3555,128.91,9.3
662,842-29-4695,2,3,4,2019-01-16,12:07:00,Credit card,17.14,7,5.999,125.979,119.98,7.9
663,725-67-2480,3,1,6,2019-03-24,18:14:00,Credit card,58.75,6,17.625,370.125,352.5,5.9
664,641-51-2661,2,1,5,2019-02-12,14:45:00,Credit card,87.1,10,43.55,914.55,871.0,9.9
665,714-02-3114,2,2,4,2019-02-21,11:39:00,Cash,98.8,2,9.88,207.48,197.6,7.7
666,518-17-2983,1,2,6,2019-02-04,15:44:00,Ewallet,48.63,4,9.726,204.246,194.52,7.6
667,779-42-2410,3,3,5,2019-02-20,13:06:00,Ewallet,57.74,3,8.661,181.881,173.22,7.7
668,190-14-3147,3,2,1,2019-02-23,20:43:00,Ewallet,17.97,4,3.594,75.474,71.88,6.4
669,408-66-6712,2,1,1,2019-02-16,14:19:00,Ewallet,47.71,6,14.313,300.573,286.26,4.4
670,679-22-6530,3,2,4,2019-01-17,10:01:00,Credit card,40.62,2,4.062,85.302,81.24,4.1
671,588-47-8641,1,3,6,2019-01-14,19:30:00,Ewallet,56.04,10,28.02,588.42,560.4,4.4
672,642-61-4706,3,3,5,2019-03-30,16:34:00,Cash,93.4,2,9.34,196.14,186.8,5.5
673,576-31-4774,3,2,1,2019-03-02,13:10:00,Ewallet,73.41,3,11.0115,231.2415,220.23,4.0
674,556-41-6224,2,4,1,2019-02-15,17:10:00,Credit card,33.64,8,13.456,282.576,269.12,9.3
675,811-03-8790,1,2,2,2019-03-01,10:22:00,Credit card,45.48,10,22.74,477.54,454.8,4.8
676,242-11-3142,3,3,6,2019-02-24,19:57:00,Cash,83.77,2,8.377,175.917,167.54,4.6
677,752-23-3760,3,1,4,2019-02-19,19:29:00,Credit card,64.08,7,22.428,470.988,448.56,7.3
678,274-05-5470,1,1,5,2019-02-23,18:30:00,Cash,73.47,4,14.694,308.574,293.88,6.0
679,648-94-3045,2,4,1,2019-02-07,14:27:00,Ewallet,58.95,10,29.475,618.975,589.5,8.1
680,130-67-4723,1,3,5,2019-01-11,13:57:00,Ewallet,48.5,6,14.55,305.55,291.0,9.4
681,528-87-5606,3,1,2,2019-02-12,19:43:00,Cash,39.48,1,1.974,41.454,39.48,6.5
682,320-85-2052,3,2,4,2019-01-14,10:11:00,Credit card,34.81,1,1.7405,36.5505,34.81,7.0
683,370-96-0655,2,2,6,2019-01-09,13:46:00,Ewallet,49.32,6,14.796,310.716,295.92,7.1
684,105-10-6182,1,3,6,2019-02-27,12:22:00,Ewallet,21.48,2,2.148,45.108,42.96,6.6
685,510-79-0415,3,1,4,2019-01-24,19:20:00,Ewallet,23.08,6,6.924,145.404,138.48,4.9
686,241-96-5076,3,1,3,2019-01-08,12:58:00,Credit card,49.1,2,4.91,103.11,98.2,6.4
687,767-97-4650,3,1,4,2019-01-08,11:59:00,Credit card,64.83,2,6.483,136.143,129.66,8.0
688,648-83-1321,1,3,3,2019-01-16,17:59:00,Cash,63.56,10,31.78,667.38,635.6,4.3
689,173-57-2300,2,3,4,2019-03-13,12:51:00,Cash,72.88,2,7.288,153.048,145.76,6.1
690,305-03-2383,1,2,5,2019-02-15,10:36:00,Cash,67.1,3,10.065,211.365,201.3,7.5
691,394-55-6384,2,1,4,2019-01-25,13:38:00,Cash,70.19,9,31.5855,663.2955,631.71,6.7
692,266-20-6657,2,3,5,2019-03-12,19:39:00,Ewallet,55.04,7,19.264,404.544,385.28,5.2
693,689-05-1884,1,3,1,2019-03-04,12:44:00,Cash,48.63,10,24.315,510.615,486.3,8.8
694,196-01-2849,2,1,6,2019-02-10,13:56:00,Cash,73.38,7,25.683,539.343,513.66,9.5
695,372-62-5264,2,2,5,2019-01-16,14:42:00,Cash,52.6,9,23.67,497.07,473.4,7.6
696,800-09-8606,1,1,3,2019-01-29,19:45:00,Cash,87.37,5,21.8425,458.6925,436.85,6.6
697,182-52-7000,1,1,4,2019-01-01,20:26:00,Ewallet,27.04,4,5.408,113.568,108.16,6.9
698,826-58-8051,3,4,3,2019-01-06,19:46:00,Ewallet,62.19,4,12.438,261.198,248.76,4.3
699,868-06-0466,1,3,2,2019-02-19,19:38:00,Credit card,69.58,9,31.311,657.531,626.22,7.8
700,751-41-9720,2,4,3,2019-01-12,16:18:00,Ewallet,97.5,10,48.75,1023.75,975.0,8.0
701,626-43-7888,2,2,6,2019-02-07,12:23:00,Ewallet,60.41,8,24.164,507.444,483.28,9.6
702,176-64-7711,3,4,5,2019-03-27,19:11:00,Credit card,32.32,3,4.848,101.808,96.96,4.3
703,191-29-0321,3,1,6,2019-02-27,18:57:00,Credit card,19.77,10,9.885,207.585,197.7,5.0
704,729-06-2010,3,3,1,2019-01-06,11:18:00,Cash,80.47,9,36.2115,760.4415,724.23,9.2
705,640-48-5028,3,1,3,2019-03-02,12:40:00,Cash,88.39,9,39.7755,835.2855,795.51,6.3
706,186-79-9562,3,4,1,2019-03-29,14:06:00,Cash,71.77,7,25.1195,527.5095,502.39,8.9
707,834-45-5519,3,2,2,2019-01-31,20:48:00,Ewallet,43.0,4,8.6,180.6,172.0,7.6
708,162-65-8559,2,3,5,2019-01-21,20:13:00,Cash,68.98,1,3.449,72.429,68.98,4.8
709,760-27-5490,2,4,6,2019-01-20,20:37:00,Ewallet,15.62,8,6.248,131.208,124.96,9.1
710,445-30-9252,1,4,4,2019-01-17,17:59:00,Ewallet,25.7,3,3.855,80.955,77.1,6.1
711,786-94-2700,1,3,5,2019-02-28,20:18:00,Cash,80.62,6,24.186,507.906,483.72,9.1
712,728-88-7867,2,1,3,2019-03-19,15:52:00,Ewallet,75.53,4,15.106,317.226,302.12,8.3
713,183-21-3799,2,2,2,2019-02-19,15:14:00,Ewallet,77.63,9,34.9335,733.6035,698.67,7.2
714,268-20-3585,2,2,1,2019-02-04,12:50:00,Ewallet,13.85,9,6.2325,130.8825,124.65,6.0
715,735-32-9839,2,3,6,2019-01-31,10:36:00,Ewallet,98.7,8,39.48,829.08,789.6,8.5
716,258-92-7466,1,2,1,2019-02-06,18:33:00,Credit card,35.68,5,8.92,187.32,178.4,6.6
717,857-16-3520,1,1,6,2019-03-28,16:06:00,Ewallet,71.46,7,25.011,525.231,500.22,4.5
718,482-17-1179,1,3,2,2019-01-19,12:47:00,Credit card,11.94,3,1.791,37.611,35.82,8.1
719,788-21-5741,1,4,6,2019-02-17,13:34:00,Credit card,45.38,3,6.807,142.947,136.14,7.2
720,821-14-9046,3,1,6,2019-01-18,15:04:00,Credit card,17.48,6,5.244,110.124,104.88,6.1
721,418-05-0656,3,2,6,2019-02-02,20:42:00,Cash,25.56,7,8.946,187.866,178.92,7.1
722,678-79-0726,2,1,4,2019-01-18,15:28:00,Cash,90.63,9,40.7835,856.4535,815.67,5.1
723,776-68-1096,3,4,3,2019-03-18,13:45:00,Credit card,44.12,3,6.618,138.978,132.36,7.9
724,592-46-1692,2,1,5,2019-01-11,20:10:00,Cash,36.77,7,12.8695,270.2595,257.39,7.4
725,434-35-9162,3,3,5,2019-02-04,18:53:00,Ewallet,23.34,4,4.668,98.028,93.36,7.4
726,149-14-0304,2,1,1,2019-02-06,14:24:00,Cash,28.5,8,11.4,239.4,228.0,6.6
727,442-44-6497,2,3,3,2019-01-08,11:42:00,Credit card,55.57,3,8.3355,175.0455,166.71,5.9
728,174-64-0215,3,4,4,2019-03-05,17:49:00,Credit card,69.74,10,34.87,732.27,697.4,8.9
729,210-74-9613,2,4,6,2019-03-16,15:33:00,Ewallet,97.26,4,19.452,408.492,389.04,6.8
730,299-29-0180,3,1,3,2019-03-09,10:54:00,Cash,52.18,7,18.263,383.523,365.26,9.3
731,247-11-2470,1,1,6,2019-03-01,16:23:00,Credit card,22.32,4,4.464,93.744,89.28,4.4
732,635-28-5728,1,4,1,2019-02-28,19:33:00,Ewallet,56.0,3,8.4,176.4,168.0,4.8
733,756-49-0168,1,3,6,2019-02-08,11:39:00,Ewallet,19.7,1,0.985,20.685,19.7,9.5
734,438-23-1242,3,4,2,2019-01-24,10:38:00,Ewallet,75.88,7,26.558,557.718,531.16,8.9
735,238-45-6950,3,3,5,2019-03-01,20:03:00,Ewallet,53.72,1,2.686,56.406,53.72,6.4
736,607-65-2441,2,3,1,2019-03-10,12:39:00,Credit card,81.95,10,40.975,860.475,819.5,6.0
737,386-27-7606,2,1,3,2019-03-23,15:59:00,Credit card,81.2,7,28.42,596.82,568.4,8.1
738,137-63-5492,2,4,2,2019-01-29,14:26:00,Ewallet,58.76,10,29.38,616.98,587.6,9.0
739,197-77-7132,3,3,2,2019-01-12,18:22:00,Ewallet,91.56,8,36.624,769.104,732.48,6.0
740,805-86-0265,1,4,3,2019-03-20,11:32:00,Cash,93.96,9,42.282,887.922,845.64,9.8
741,733-29-1227,2,4,3,2019-03-23,12:41:00,Cash,55.61,7,19.4635,408.7335,389.27,8.5
742,451-73-2711,2,4,5,2019-01-14,15:20:00,Ewallet,84.83,1,4.2415,89.0715,84.83,8.8
743,373-14-0504,1,1,4,2019-02-12,14:33:00,Ewallet,71.63,2,7.163,150.423,143.26,8.8
744,546-80-2899,1,3,3,2019-02-20,15:29:00,Ewallet,37.69,2,3.769,79.149,75.38,9.5
745,345-68-9016,2,1,4,2019-01-02,16:19:00,Credit card,31.67,8,12.668,266.028,253.36,5.6
746,390-17-5806,2,1,5,2019-02-02,16:33:00,Cash,38.42,1,1.921,40.341,38.42,8.6
747,457-13-1708,3,3,6,2019-01-08,19:07:00,Credit card,65.23,10,32.615,684.915,652.3,5.2
748,664-14-2882,2,1,3,2019-01-30,14:43:00,Credit card,10.53,5,2.6325,55.2825,52.65,5.8
749,487-79-6868,3,1,3,2019-03-26,19:28:00,Credit card,12.29,9,5.5305,116.1405,110.61,8.0
750,314-23-4520,2,3,1,2019-01-15,20:44:00,Cash,81.23,7,28.4305,597.0405,568.61,9.0
751,210-30-7976,3,1,6,2019-03-14,11:16:00,Ewallet,22.32,4,4.464,93.744,89.28,4.1
752,585-86-8361,1,2,5,2019-02-03,10:31:00,Credit card,27.28,5,6.82,143.22,136.4,8.6
753,807-14-7833,1,1,2,2019-02-22,12:30:00,Ewallet,17.42,10,8.71,182.91,174.2,7.0
754,775-72-1988,3,4,3,2019-01-24,15:05:00,Ewallet,73.28,5,18.32,384.72,366.4,8.4
755,288-38-3758,2,1,6,2019-01-25,18:30:00,Ewallet,84.87,3,12.7305,267.3405,254.61,7.4
756,652-43-6591,1,2,6,2019-03-09,13:18:00,Credit card,97.29,8,38.916,817.236,778.32,6.2
757,785-96-0615,3,1,2,2019-02-17,15:28:00,Ewallet,35.74,8,14.296,300.216,285.92,4.9
758,406-46-7107,1,2,3,2019-01-11,11:52:00,Cash,96.52,6,28.956,608.076,579.12,4.5
759,250-17-5703,1,3,5,2019-02-27,18:24:00,Ewallet,18.85,10,9.425,197.925,188.5,5.6
760,156-95-3964,1,2,5,2019-03-25,15:19:00,Ewallet,55.39,4,11.078,232.638,221.56,8.0
761,842-40-8179,3,1,5,2019-02-11,10:38:00,Credit card,77.2,10,38.6,810.6,772.0,5.6
762,525-09-8450,3,4,2,2019-01-31,15:12:00,Credit card,72.13,10,36.065,757.365,721.3,4.2
763,410-67-1709,1,1,6,2019-01-20,17:48:00,Ewallet,63.88,8,25.552,536.592,511.04,9.9
764,587-73-4862,1,1,1,2019-03-26,11:07:00,Ewallet,10.69,5,2.6725,56.1225,53.45,7.6
765,787-87-2010,1,3,1,2019-01-20,15:48:00,Credit card,55.5,4,11.1,233.1,222.0,6.6
766,593-14-4239,3,2,3,2019-03-05,19:40:00,Ewallet,95.46,8,38.184,801.864,763.68,4.7
767,801-88-0346,2,2,6,2019-01-05,20:30:00,Credit card,76.06,3,11.409,239.589,228.18,9.8
768,388-76-2555,3,4,4,2019-02-13,13:59:00,Cash,13.69,6,4.107,86.247,82.14,6.3
769,711-31-1234,3,2,2,2019-03-16,18:51:00,Cash,95.64,4,19.128,401.688,382.56,7.9
770,886-54-6089,1,2,3,2019-01-15,17:24:00,Cash,11.43,6,3.429,72.009,68.58,7.7
771,707-32-7409,3,1,4,2019-02-26,11:58:00,Ewallet,95.54,4,19.108,401.268,382.16,4.5
772,759-98-4285,2,1,1,2019-02-27,19:01:00,Credit card,85.87,7,30.0545,631.1445,601.09,8.0
773,201-63-8275,2,1,4,2019-02-17,16:50:00,Ewallet,67.99,7,23.7965,499.7265,475.93,5.7
774,471-06-8611,2,2,5,2019-02-06,10:22:00,Credit card,52.42,1,2.621,55.041,52.42,6.3
775,200-16-5952,2,3,5,2019-01-17,16:46:00,Cash,65.65,2,6.565,137.865,131.3,6.0
776,120-54-2248,3,2,5,2019-01-22,18:08:00,Credit card,28.86,5,7.215,151.515,144.3,8.0
777,102-77-2261,2,3,1,2019-03-05,18:02:00,Credit card,65.31,7,22.8585,480.0285,457.17,4.2
778,875-31-8302,3,4,4,2019-01-03,13:07:00,Cash,93.38,1,4.669,98.049,93.38,9.6
779,102-06-2002,2,3,4,2019-03-20,17:52:00,Cash,25.25,5,6.3125,132.5625,126.25,6.1
780,457-94-0464,3,3,2,2019-01-31,20:32:00,Ewallet,87.87,9,39.5415,830.3715,790.83,5.6
781,629-42-4133,2,4,1,2019-02-19,19:24:00,Cash,21.8,8,8.72,183.12,174.4,8.3
782,534-53-3526,1,2,4,2019-02-11,16:06:00,Ewallet,94.76,4,18.952,397.992,379.04,7.8
783,307-04-2070,1,1,6,2019-02-05,14:14:00,Credit card,30.62,1,1.531,32.151,30.62,4.1
784,468-99-7231,2,2,3,2019-03-03,17:36:00,Cash,44.01,8,17.604,369.684,352.08,8.8
785,516-77-6464,2,1,1,2019-02-24,13:08:00,Ewallet,10.16,5,2.54,53.34,50.8,4.1
786,404-91-5964,1,4,2,2019-02-04,16:09:00,Credit card,74.58,7,26.103,548.163,522.06,9.0
787,886-77-9084,2,4,2,2019-02-19,11:33:00,Ewallet,71.89,8,28.756,603.876,575.12,5.5
788,790-38-4466,2,2,1,2019-01-23,10:18:00,Credit card,10.99,5,2.7475,57.6975,54.95,9.3
789,704-10-4056,2,3,1,2019-01-14,10:55:00,Credit card,60.47,3,9.0705,190.4805,181.41,5.6
790,497-37-6538,1,4,4,2019-01-17,15:15:00,Ewallet,58.91,7,20.6185,432.9885,412.37,9.7
791,651-96-5970,1,4,6,2019-03-03,20:06:00,Credit card,46.41,1,2.3205,48.7305,46.41,4.0
792,400-80-4065,2,3,1,2019-02-15,20:21:00,Credit card,68.55,4,13.71,287.91,274.2,9.2
793,744-16-7898,3,2,3,2019-01-15,13:48:00,Credit card,97.37,10,48.685,1022.385,973.7,4.9
794,263-12-5321,1,3,2,2019-02-27,12:52:00,Credit card,92.6,7,32.41,680.61,648.2,9.3
795,702-72-0487,1,2,2,2019-02-26,12:28:00,Credit card,46.61,2,4.661,97.881,93.22,6.6
796,605-83-1050,3,4,6,2019-03-15,16:26:00,Ewallet,27.18,2,2.718,57.078,54.36,4.3
797,443-60-9639,2,1,3,2019-01-24,13:24:00,Cash,60.87,1,3.0435,63.9135,60.87,5.5
798,864-24-7918,1,1,4,2019-02-22,15:15:00,Cash,24.49,10,12.245,257.145,244.9,8.1
799,359-94-5395,3,4,1,2019-03-15,10:50:00,Credit card,92.78,1,4.639,97.419,92.78,9.8
800,401-09-4232,2,3,3,2019-02-11,18:38:00,Ewallet,86.69,5,21.6725,455.1225,433.45,9.4
801,751-15-6198,3,4,4,2019-01-12,16:45:00,Ewallet,23.01,6,6.903,144.963,138.06,7.9
802,324-41-6833,2,1,2,2019-03-03,19:30:00,Ewallet,30.2,8,12.08,253.68,241.6,5.1
803,474-33-8305,2,3,6,2019-03-23,13:23:00,Ewallet,67.39,7,23.5865,495.3165,471.73,6.9
804,759-29-9521,1,1,6,2019-03-04,11:27:00,Cash,48.96,9,22.032,462.672,440.64,8.0
805,831-81-6575,3,1,2,2019-02-23,11:12:00,Cash,75.59,9,34.0155,714.3255,680.31,8.0
806,220-68-6701,1,2,3,2019-03-17,16:36:00,Cash,77.47,4,15.494,325.374,309.88,4.2
807,618-34-8551,1,2,4,2019-01-16,18:41:00,Credit card,93.18,2,9.318,195.678,186.36,8.5
808,257-60-7754,1,2,2,2019-01-08,17:12:00,Cash,50.23,4,10.046,210.966,200.92,9.0
809,559-61-5987,3,2,1,2019-01-14,10:38:00,Cash,17.75,1,0.8875,18.6375,17.75,8.6
810,189-55-2313,2,2,6,2019-01-31,10:33:00,Ewallet,62.18,10,31.09,652.89,621.8,6.0
811,565-91-4567,3,4,1,2019-03-15,14:38:00,Ewallet,10.75,8,4.3,90.3,86.0,6.2
812,380-60-5336,1,2,2,2019-02-24,18:06:00,Credit card,40.26,10,20.13,422.73,402.6,5.0
813,815-04-6282,2,1,4,2019-02-08,12:52:00,Credit card,64.97,5,16.2425,341.0925,324.85,6.5
814,674-56-6360,1,4,2,2019-03-22,14:00:00,Cash,95.15,1,4.7575,99.9075,95.15,6.0
815,778-34-2523,1,1,2,2019-01-24,10:57:00,Cash,48.62,8,19.448,408.408,388.96,5.0
816,499-27-7781,3,2,5,2019-03-14,16:45:00,Ewallet,53.21,8,21.284,446.964,425.68,5.0
817,477-59-2456,2,2,6,2019-01-23,11:15:00,Cash,45.44,7,15.904,333.984,318.08,9.2
818,832-51-6761,1,4,5,2019-01-19,20:29:00,Ewallet,33.88,8,13.552,284.592,271.04,9.6
819,869-11-3082,3,3,1,2019-01-27,20:03:00,Credit card,96.16,4,19.232,403.872,384.64,8.4
820,190-59-3964,3,3,5,2019-02-03,14:35:00,Credit card,47.16,5,11.79,247.59,235.8,6.0
821,366-43-6862,3,4,2,2019-03-25,16:32:00,Ewallet,52.89,4,10.578,222.138,211.56,6.7
822,186-43-8965,1,1,3,2019-02-24,10:10:00,Credit card,47.68,2,4.768,100.128,95.36,4.1
823,784-21-9238,2,3,4,2019-02-07,14:15:00,Cash,10.17,1,0.5085,10.6785,10.17,5.9
824,276-75-6884,1,2,1,2019-03-04,10:05:00,Cash,68.71,3,10.3065,216.4365,206.13,8.7
825,109-86-4363,3,1,4,2019-02-14,11:36:00,Credit card,60.08,7,21.028,441.588,420.56,4.5
826,569-76-2760,1,1,4,2019-01-29,18:15:00,Credit card,22.01,4,4.402,92.442,88.04,6.6
827,222-42-0244,3,1,1,2019-01-28,13:53:00,Credit card,72.11,9,32.4495,681.4395,648.99,7.7
828,760-53-9233,1,3,6,2019-03-26,18:37:00,Credit card,41.28,3,6.192,130.032,123.84,8.5
829,538-22-0304,2,4,2,2019-03-24,18:27:00,Cash,64.95,10,32.475,681.975,649.5,5.2
830,416-17-9926,1,1,2,2019-01-01,14:42:00,Credit card,74.22,10,37.11,779.31,742.2,4.3
831,237-44-6163,1,4,2,2019-01-24,17:43:00,Cash,10.56,8,4.224,88.704,84.48,7.6
832,636-17-0325,3,4,1,2019-02-25,18:37:00,Cash,62.57,4,12.514,262.794,250.28,9.5
833,343-75-9322,3,1,4,2019-01-09,16:34:00,Cash,11.85,8,4.74,99.54,94.8,4.1
834,528-14-9470,1,3,1,2019-02-14,14:42:00,Ewallet,91.3,1,4.565,95.865,91.3,9.2
835,427-45-9297,3,1,3,2019-03-12,11:01:00,Ewallet,40.73,7,14.2555,299.3655,285.11,5.4
836,807-34-3742,1,4,6,2019-03-26,19:44:00,Cash,52.38,1,2.619,54.999,52.38,5.8
837,288-62-1085,1,3,6,2019-01-09,13:34:00,Ewallet,38.54,5,9.635,202.335,192.7,5.6
838,670-71-7306,3,4,4,2019-01-02,20:08:00,Credit card,44.63,6,13.389,281.169,267.78,5.1
839,660-29-7083,2,4,2,2019-01-15,15:01:00,Cash,55.87,10,27.935,586.635,558.7,5.8
840,271-77-8740,2,1,4,2019-01-01,11:40:00,Ewallet,29.22,6,8.766,184.086,175.32,5.0
841,497-36-0989,1,4,6,2019-02-15,15:21:00,Cash,51.94,3,7.791,163.611,155.82,7.9
842,291-59-1384,3,4,2,2019-02-28,17:38:00,Cash,60.3,1,3.015,63.315,60.3,6.0
843,860-73-6466,1,1,4,2019-03-02,16:16:00,Credit card,39.47,2,3.947,82.887,78.94,5.0
844,549-23-9016,2,1,5,2019-02-13,18:15:00,Credit card,14.87,2,1.487,31.227,29.74,8.9
845,896-34-0956,1,4,6,2019-01-26,12:43:00,Cash,21.32,1,1.066,22.386,21.32,5.9
846,804-38-3935,1,3,2,2019-01-30,11:32:00,Credit card,93.78,3,14.067,295.407,281.34,5.9
847,585-90-0249,1,3,2,2019-01-27,18:08:00,Ewallet,73.26,1,3.663,76.923,73.26,9.7
848,862-29-5914,2,2,4,2019-01-30,17:08:00,Credit card,22.38,1,1.119,23.499,22.38,8.6
849,845-94-6841,2,1,5,2019-01-08,19:38:00,Cash,72.88,9,32.796,688.716,655.92,4.0
850,125-45-2293,1,2,6,2019-01-19,13:11:00,Cash,99.1,6,29.73,624.33,594.6,4.2
851,843-73-4724,1,4,6,2019-01-25,11:05:00,Cash,74.1,1,3.705,77.805,74.1,9.2
852,409-33-9708,1,2,6,2019-02-19,10:12:00,Ewallet,98.48,2,9.848,206.808,196.96,9.2
853,658-66-3967,2,4,1,2019-01-14,15:42:00,Ewallet,53.19,7,18.6165,390.9465,372.33,5.0
854,866-70-2814,3,2,2,2019-02-25,11:58:00,Ewallet,52.79,10,26.395,554.295,527.9,10.0
855,160-22-2687,1,1,1,2019-01-23,14:21:00,Ewallet,95.95,5,23.9875,503.7375,479.75,8.8
856,895-03-6665,3,2,6,2019-02-16,10:52:00,Cash,36.51,9,16.4295,345.0195,328.59,4.2
857,770-42-8960,3,4,5,2019-01-01,19:31:00,Cash,21.12,8,8.448,177.408,168.96,6.3
858,748-45-2862,1,1,3,2019-03-07,18:35:00,Cash,28.31,4,5.662,118.902,113.24,8.2
859,234-36-2483,3,4,1,2019-02-15,13:51:00,Cash,57.59,6,17.277,362.817,345.54,5.1
860,316-66-3011,1,1,5,2019-01-23,12:35:00,Cash,47.63,9,21.4335,450.1035,428.67,5.0
861,848-95-6252,2,1,3,2019-02-20,13:24:00,Ewallet,86.27,1,4.3135,90.5835,86.27,7.0
862,840-76-5966,1,3,4,2019-01-08,18:06:00,Ewallet,12.76,2,1.276,26.796,25.52,7.8
863,152-03-4217,3,2,3,2019-03-17,11:55:00,Credit card,11.28,9,5.076,106.596,101.52,4.3
864,533-66-5566,3,2,3,2019-01-12,11:42:00,Cash,51.07,7,17.8745,375.3645,357.49,7.0
865,124-31-1458,1,1,2,2019-01-08,14:30:00,Cash,79.59,3,11.9385,250.7085,238.77,6.6
866,176-78-1170,2,3,1,2019-01-26,15:11:00,Ewallet,33.81,3,5.0715,106.5015,101.43,7.3
867,361-59-0574,3,3,4,2019-03-15,14:48:00,Credit card,90.53,8,36.212,760.452,724.24,6.5
868,101-81-4070,2,1,1,2019-01-17,12:36:00,Ewallet,62.82,2,6.282,131.922,125.64,4.9
869,631-34-1880,2,3,5,2019-01-08,19:09:00,Credit card,24.31,3,3.6465,76.5765,72.93,4.3
870,852-82-2749,1,4,4,2019-01-06,13:35:00,Ewallet,64.59,4,12.918,271.278,258.36,9.3
871,873-14-6353,1,3,5,2019-02-16,10:33:00,Credit card,24.82,7,8.687,182.427,173.74,7.1
872,584-66-4073,2,4,6,2019-03-13,15:45:00,Ewallet,56.5,1,2.825,59.325,56.5,9.6
873,544-55-9589,3,1,2,2019-01-28,11:51:00,Cash,21.43,10,10.715,225.015,214.3,6.2
874,166-19-2553,1,3,4,2019-01-18,17:26:00,Cash,89.06,6,26.718,561.078,534.36,9.9
875,737-88-5876,1,3,3,2019-03-19,11:52:00,Credit card,23.29,4,4.658,97.818,93.16,5.9
876,154-87-7367,2,4,3,2019-03-15,14:04:00,Ewallet,65.26,8,26.104,548.184,522.08,6.3
877,885-56-0389,2,3,6,2019-02-12,17:49:00,Cash,52.35,1,2.6175,54.9675,52.35,4.0
878,608-05-3804,3,3,2,2019-02-25,20:19:00,Cash,39.75,1,1.9875,41.7375,39.75,6.1
879,448-61-3783,1,2,2,2019-03-21,16:08:00,Credit card,90.02,8,36.008,756.168,720.16,4.5
880,761-49-0439,3,1,2,2019-01-19,10:17:00,Ewallet,12.1,8,4.84,101.64,96.8,8.6
881,490-95-0021,3,1,5,2019-01-08,14:25:00,Ewallet,33.21,10,16.605,348.705,332.1,6.0
882,115-38-7388,2,1,6,2019-03-30,12:51:00,Credit card,10.18,8,4.072,85.512,81.44,9.5
883,311-13-6971,3,3,4,2019-02-20,15:18:00,Credit card,31.99,10,15.995,335.895,319.9,9.9
884,291-55-6563,1,1,3,2019-03-30,12:45:00,Ewallet,34.42,6,10.326,216.846,206.52,7.5
885,548-48-3156,1,1,5,2019-03-19,13:37:00,Cash,83.34,2,8.334,175.014,166.68,7.6
886,460-93-5834,1,4,4,2019-01-13,10:03:00,Cash,45.58,7,15.953,335.013,319.06,5.0
887,325-89-4209,1,3,5,2019-02-05,19:42:00,Ewallet,87.9,1,4.395,92.295,87.9,6.7
888,884-80-6021,1,1,2,2019-03-23,13:14:00,Ewallet,73.47,10,36.735,771.435,734.7,9.5
889,137-74-8729,2,2,6,2019-03-13,12:47:00,Ewallet,12.19,8,4.876,102.396,97.52,6.8
890,880-46-5796,1,3,4,2019-03-17,19:53:00,Ewallet,76.92,10,38.46,807.66,769.2,5.6
891,389-70-2397,2,2,1,2019-02-21,10:26:00,Cash,83.66,5,20.915,439.215,418.3,7.2
892,114-35-5271,3,2,2,2019-02-07,15:06:00,Cash,57.91,8,23.164,486.444,463.28,8.1
893,607-76-6216,2,1,6,2019-03-02,16:35:00,Credit card,92.49,5,23.1225,485.5725,462.45,8.6
894,715-20-1673,3,4,2,2019-03-06,20:57:00,Cash,28.38,5,7.095,148.995,141.9,9.4
895,811-35-1094,3,3,2,2019-02-06,15:16:00,Credit card,50.45,6,15.135,317.835,302.7,8.9
896,699-88-1972,3,4,1,2019-01-28,17:47:00,Credit card,99.16,8,39.664,832.944,793.28,4.2
897,781-84-8059,2,4,6,2019-01-18,16:23:00,Ewallet,60.74,7,21.259,446.439,425.18,5.0
898,409-49-6995,2,1,5,2019-02-05,10:17:00,Cash,47.27,6,14.181,297.801,283.62,8.8
899,725-54-0677,2,3,1,2019-03-02,13:50:00,Cash,85.6,7,29.96,629.16,599.2,5.3
900,146-09-5432,1,3,5,2019-02-09,19:17:00,Ewallet,35.04,9,15.768,331.128,315.36,4.6
901,377-79-7592,2,1,2,2019-01-14,14:00:00,Credit card,44.84,9,20.178,423.738,403.56,7.5
902,509-10-0516,3,4,3,2019-02-09,12:02:00,Ewallet,45.97,4,9.194,193.074,183.88,5.1
903,595-94-9924,1,1,1,2019-03-26,20:21:00,Credit card,27.73,5,6.9325,145.5825,138.65,4.2
904,865-41-9075,1,4,5,2019-01-28,17:35:00,Cash,11.53,7,4.0355,84.7455,80.71,8.1
905,545-07-8534,2,2,1,2019-02-14,12:42:00,Ewallet,58.32,2,5.832,122.472,116.64,6.0
906,118-62-1812,2,1,3,2019-03-24,17:56:00,Cash,78.38,4,15.676,329.196,313.52,7.9
907,450-42-3339,2,4,1,2019-02-09,18:58:00,Credit card,84.61,10,42.305,888.405,846.1,8.8
908,851-98-3555,3,2,1,2019-03-24,14:08:00,Credit card,82.88,5,20.72,435.12,414.4,6.6
909,186-71-5196,1,1,5,2019-03-27,16:30:00,Ewallet,79.54,2,7.954,167.034,159.08,6.2
910,624-01-8356,3,2,3,2019-01-27,10:44:00,Credit card,49.01,10,24.505,514.605,490.1,4.2
911,313-66-9943,3,1,5,2019-03-27,20:29:00,Credit card,29.15,3,4.3725,91.8225,87.45,7.3
912,151-27-8496,2,2,2,2019-01-19,11:43:00,Ewallet,56.13,4,11.226,235.746,224.52,8.6
913,453-33-6436,1,2,3,2019-02-07,10:09:00,Cash,93.12,8,37.248,782.208,744.96,6.8
914,522-57-8364,1,3,6,2019-01-31,10:00:00,Ewallet,51.34,8,20.536,431.256,410.72,7.6
915,459-45-2396,1,1,5,2019-02-25,18:45:00,Cash,99.6,3,14.94,313.74,298.8,5.8
916,717-96-4189,2,2,2,2019-02-02,12:40:00,Cash,35.49,6,10.647,223.587,212.94,4.1
917,722-13-2115,2,3,4,2019-03-14,15:36:00,Credit card,42.85,1,2.1425,44.9925,42.85,9.3
918,749-81-8133,1,2,6,2019-03-11,12:04:00,Cash,94.67,4,18.934,397.614,378.68,6.8
919,777-67-2495,3,4,3,2019-02-22,11:26:00,Ewallet,68.97,3,10.3455,217.2555,206.91,8.7
920,636-98-3364,3,1,2,2019-03-02,12:36:00,Ewallet,26.26,3,3.939,82.719,78.78,6.3
921,246-55-6923,2,1,3,2019-03-10,15:06:00,Credit card,35.79,9,16.1055,338.2155,322.11,5.1
922,181-82-6255,3,2,3,2019-02-08,10:58:00,Cash,16.37,6,4.911,103.131,98.22,7.0
923,838-02-1821,2,1,3,2019-02-22,12:10:00,Credit card,12.73,2,1.273,26.733,25.46,5.2
924,887-42-0517,2,2,4,2019-01-10,10:31:00,Credit card,83.14,7,29.099,611.079,581.98,6.6
925,457-12-0244,2,1,4,2019-03-14,13:49:00,Ewallet,35.22,6,10.566,221.886,211.32,6.5
926,226-34-0034,3,2,2,2019-01-10,11:10:00,Ewallet,13.78,4,2.756,57.876,55.12,9.0
927,321-49-7382,3,3,4,2019-02-15,17:38:00,Credit card,88.31,1,4.4155,92.7255,88.31,5.2
928,397-25-8725,1,1,1,2019-01-13,17:54:00,Credit card,39.62,9,17.829,374.409,356.58,6.8
929,431-66-2305,3,2,2,2019-02-15,20:51:00,Credit card,88.25,9,39.7125,833.9625,794.25,7.6
930,825-94-5922,3,4,4,2019-03-02,19:26:00,Ewallet,25.31,2,2.531,53.151,50.62,7.2
931,641-62-7288,3,4,3,2019-03-24,13:33:00,Ewallet,99.92,6,29.976,629.496,599.52,7.1
932,756-93-1854,2,1,6,2019-02-02,14:05:00,Credit card,83.35,2,8.335,175.035,166.7,9.5
933,243-55-8457,1,2,5,2019-02-27,11:40:00,Ewallet,74.44,10,37.22,781.62,744.4,5.1
934,458-10-8612,2,4,1,2019-01-20,12:27:00,Ewallet,64.08,7,22.428,470.988,448.56,7.6
935,501-61-1753,3,2,3,2019-01-03,20:24:00,Ewallet,63.15,6,18.945,397.845,378.9,9.8
936,235-06-8510,2,3,3,2019-01-24,20:59:00,Ewallet,85.72,3,12.858,270.018,257.16,5.1
937,433-08-7822,2,2,1,2019-01-05,19:48:00,Ewallet,78.89,7,27.6115,579.8415,552.23,7.5
938,361-85-2571,1,2,4,2019-03-30,10:18:00,Cash,89.48,5,22.37,469.77,447.4,7.4
939,131-70-8179,1,1,1,2019-02-17,16:27:00,Cash,92.09,3,13.8135,290.0835,276.27,4.2
940,500-02-2261,2,2,5,2019-03-21,17:04:00,Ewallet,57.29,6,17.187,360.927,343.74,5.9
941,720-72-2436,1,4,5,2019-03-02,18:14:00,Ewallet,66.52,4,13.304,279.384,266.08,6.9
942,702-83-5291,2,3,6,2019-03-27,10:43:00,Cash,99.82,9,44.919,943.299,898.38,6.6
943,809-69-9497,1,2,3,2019-01-19,19:30:00,Ewallet,45.68,10,22.84,479.64,456.8,5.7
944,449-16-6770,1,4,1,2019-02-19,14:53:00,Credit card,50.79,5,12.6975,266.6475,253.95,5.3
945,333-23-2632,1,3,1,2019-03-28,20:14:00,Cash,10.08,7,3.528,74.088,70.56,4.2
946,489-82-1237,1,2,2,2019-01-05,11:51:00,Credit card,93.88,7,32.858,690.018,657.16,7.3
947,859-97-6048,2,3,2,2019-03-26,14:13:00,Credit card,84.25,2,8.425,176.925,168.5,5.3
948,676-10-2200,3,3,6,2019-02-03,20:13:00,Ewallet,53.78,1,2.689,56.469,53.78,4.7
949,373-88-1424,2,3,3,2019-02-06,18:44:00,Ewallet,35.81,5,8.9525,188.0025,179.05,7.9
950,365-16-4334,3,2,5,2019-02-24,14:26:00,Ewallet,26.43,8,10.572,222.012,211.44,8.9
951,503-21-4385,3,3,1,2019-02-21,12:40:00,Ewallet,39.91,3,5.9865,125.7165,119.73,9.3
952,305-89-2768,3,1,3,2019-01-09,18:43:00,Ewallet,21.9,3,3.285,68.985,65.7,4.7
953,574-80-1489,3,1,5,2019-02-25,13:22:00,Ewallet,62.85,4,12.57,263.97,251.4,8.7
954,784-08-0310,2,1,5,2019-01-13,13:58:00,Cash,21.04,4,4.208,88.368,84.16,7.6
955,200-40-6154,3,3,3,2019-02-09,11:45:00,Cash,65.91,6,19.773,415.233,395.46,5.7
956,846-10-0341,1,2,6,2019-01-06,11:51:00,Cash,42.57,7,14.8995,312.8895,297.99,6.8
957,577-34-7579,2,3,5,2019-01-10,17:16:00,Cash,50.49,9,22.7205,477.1305,454.41,5.4
958,430-02-3888,3,4,2,2019-02-07,15:55:00,Cash,46.02,6,13.806,289.926,276.12,7.1
959,867-47-1948,2,2,3,2019-01-09,12:07:00,Cash,15.8,10,7.9,165.9,158.0,7.8
960,384-59-6655,1,1,5,2019-02-19,15:07:00,Cash,98.66,9,44.397,932.337,887.94,8.4
961,256-58-3609,2,3,6,2019-03-18,15:29:00,Cash,91.98,1,4.599,96.579,91.98,9.8
962,324-92-3863,1,3,2,2019-02-05,18:45:00,Cash,20.89,2,2.089,43.869,41.78,9.8
963,593-08-5916,1,2,6,2019-03-19,15:23:00,Credit card,15.5,1,0.775,16.275,15.5,7.4
964,364-34-2972,2,3,2,2019-03-30,20:37:00,Cash,96.82,3,14.523,304.983,290.46,6.7
965,794-42-3736,3,4,5,2019-01-26,14:41:00,Credit card,33.33,2,3.333,69.993,66.66,6.4
966,172-42-8274,3,2,2,2019-03-02,18:18:00,Credit card,38.27,2,3.827,80.367,76.54,5.8
967,558-60-5016,1,2,3,2019-03-04,15:27:00,Ewallet,33.3,9,14.985,314.685,299.7,7.2
968,195-06-0432,1,3,3,2019-01-13,12:55:00,Credit card,81.01,3,12.1515,255.1815,243.03,9.3
969,605-03-2706,1,2,1,2019-03-25,18:02:00,Cash,15.8,3,2.37,49.77,47.4,9.5
970,214-30-2776,3,1,2,2019-03-11,19:44:00,Credit card,34.49,5,8.6225,181.0725,172.45,9.0
971,746-04-1077,3,1,5,2019-01-01,11:36:00,Credit card,84.63,10,42.315,888.615,846.3,9.0
972,448-34-8700,3,3,3,2019-02-10,13:51:00,Ewallet,36.91,7,12.9185,271.2885,258.37,6.7
973,452-04-8808,3,4,2,2019-01-26,15:17:00,Cash,87.08,7,30.478,640.038,609.56,5.5
974,531-56-4728,1,4,3,2019-02-11,15:29:00,Cash,80.08,3,12.012,252.252,240.24,5.4
975,744-82-9138,2,4,6,2019-02-07,17:59:00,Cash,86.13,2,8.613,180.873,172.26,8.2
976,883-69-1285,3,3,6,2019-03-06,11:55:00,Credit card,49.92,2,4.992,104.832,99.84,7.0
977,221-25-5073,1,2,5,2019-03-04,10:39:00,Cash,74.66,4,14.932,313.572,298.64,8.5
978,518-71-6847,3,3,5,2019-02-26,15:10:00,Ewallet,26.6,6,7.98,167.58,159.6,4.9
979,156-20-0370,3,2,2,2019-03-10,18:10:00,Credit card,25.45,1,1.2725,26.7225,25.45,5.1
980,151-33-7434,3,2,5,2019-02-04,20:43:00,Credit card,67.77,1,3.3885,71.1585,67.77,6.5
981,728-47-9078,2,3,5,2019-01-19,12:46:00,Cash,59.59,4,11.918,250.278,238.36,9.8
982,809-46-1866,1,4,1,2019-01-23,17:44:00,Cash,58.15,4,11.63,244.23,232.6,8.4
983,139-32-4183,1,1,4,2019-03-14,14:19:00,Ewallet,97.48,9,43.866,921.186,877.32,7.4
984,148-41-7930,2,4,1,2019-01-23,10:33:00,Cash,99.96,7,34.986,734.706,699.72,6.1
985,189-40-5216,2,4,2,2019-01-09,11:40:00,Cash,96.37,7,33.7295,708.3195,674.59,6.0
986,374-38-5555,3,2,6,2019-02-07,19:30:00,Ewallet,63.71,5,15.9275,334.4775,318.55,8.5
987,764-44-8999,3,2,1,2019-02-18,14:42:00,Ewallet,14.76,2,1.476,30.996,29.52,4.3
988,552-44-5977,3,3,1,2019-01-03,19:08:00,Credit card,62.0,8,24.8,520.8,496.0,6.2
989,267-62-7380,2,3,2,2019-03-29,19:12:00,Ewallet,82.34,10,41.17,864.57,823.4,4.3
990,430-53-4718,3,3,1,2019-01-28,15:46:00,Credit card,75.37,8,30.148,633.108,602.96,8.4
991,886-18-2897,1,2,5,2019-03-22,19:06:00,Credit card,56.56,5,14.14,296.94,282.8,4.5
992,602-16-6955,3,2,4,2019-01-24,18:10:00,Ewallet,76.6,10,38.3,804.3,766.0,6.0
993,745-74-0715,1,4,2,2019-03-10,20:46:00,Ewallet,58.03,2,5.803,121.863,116.06,8.8
994,690-01-6631,3,4,6,2019-02-22,18:35:00,Ewallet,17.49,10,8.745,183.645,174.9,6.6
995,652-49-6720,2,1,2,2019-02-18,11:40:00,Ewallet,60.95,1,3.0475,63.9975,60.95,5.9
996,233-67-5758,2,4,1,2019-01-29,13:46:00,Ewallet,40.35,1,2.0175,42.3675,40.35,6.2
997,303-96-2227,3,2,3,2019-03-02,17:16:00,Ewallet,97.38,10,48.69,1022.49,973.8,4.4
998,727-02-1313,1,3,5,2019-02-09,13:22:00,Cash,31.84,1,1.592,33.432,31.84,7.7
999,347-56-2442,1,4,3,2019-02-22,15:33:00,Cash,65.82,1,3.291,69.111,65.82,4.1
1000,849-09-3807,1,1,6,2019-02-18,13:28:00,Cash,88.34,7,30.919,649.299,618.38,6.6
